RAM,1024,4,1,rdtsc,0.000014,0.000009,111815003654530.078125,0.000009,102.926232,0.000010,0.000010,105278169306072.265625,0.000001,7.412321
RAM,1024,4,2,rdtsc,0.000009,0.000009,111815003654530.078125,0.000009,102.926232,0.000010,0.000010,105278169306072.265625,0.000001,7.412321
RAM,1024,4,3,rdtsc,0.000009,0.000009,111815003654530.078125,0.000009,102.926232,0.000010,0.000010,105278169306072.265625,0.000001,7.412321
RAM,1024,4,4,rdtsc,0.000009,0.000009,111815003654530.078125,0.000009,102.926232,0.000010,0.000010,105278169306072.265625,0.000001,7.412321
RAM,1024,4,5,rdtsc,0.000009,0.000009,111815003654530.078125,0.000009,102.926232,0.000010,0.000010,105278169306072.265625,0.000001,7.412321
RAM,1024,4,6,rdtsc,0.000009,0.000009,111815003654530.078125,0.000009,102.926232,0.000010,0.000010,105278169306072.265625,0.000001,7.412321
RAM,1024,4,7,rdtsc,0.000009,0.000009,111815003654530.078125,0.000009,102.926232,0.000010,0.000010,105278169306072.265625,0.000001,7.412321
RAM,1024,4,8,rdtsc,0.000009,0.000009,111815003654530.078125,0.000009,102.926232,0.000010,0.000010,105278169306072.265625,0.000001,7.412321
RAM,1024,4,9,rdtsc,0.000009,0.000009,111815003654530.078125,0.000009,102.926232,0.000010,0.000010,105278169306072.265625,0.000001,7.412321
RAM,1024,4,10,rdtsc,0.000009,0.000009,111815003654530.078125,0.000009,102.926232,0.000010,0.000010,105278169306072.265625,0.000001,7.412321
RAM,1024,4,11,rdtsc,0.000009,0.000009,111815003654530.078125,0.000009,102.926232,0.000010,0.000010,105278169306072.265625,0.000001,7.412321
RAM,1024,4,12,rdtsc,0.000009,0.000009,111815003654530.078125,0.000009,102.926232,0.000010,0.000010,105278169306072.265625,0.000001,7.412321
RAM,1024,4,13,rdtsc,0.000009,0.000009,111815003654530.078125,0.000009,102.926232,0.000010,0.000010,105278169306072.265625,0.000001,7.412321
RAM,1024,4,14,rdtsc,0.000009,0.000009,111815003654530.078125,0.000009,102.926232,0.000010,0.000010,105278169306072.265625,0.000001,7.412321
RAM,1024,4,15,rdtsc,0.000009,0.000009,111815003654530.078125,0.000009,102.926232,0.000010,0.000010,105278169306072.265625,0.000001,7.412321
RAM,1024,4,16,rdtsc,0.000009,0.000009,111815003654530.078125,0.000009,102.926232,0.000010,0.000010,105278169306072.265625,0.000001,7.412321
RAM,1024,4,17,rdtsc,0.000009,0.000009,111815003654530.078125,0.000009,102.926232,0.000010,0.000010,105278169306072.265625,0.000001,7.412321
RAM,1024,4,18,rdtsc,0.000009,0.000009,111815003654530.078125,0.000009,102.926232,0.000010,0.000010,105278169306072.265625,0.000001,7.412321
RAM,1024,4,19,rdtsc,0.000009,0.000009,111815003654530.078125,0.000009,102.926232,0.000010,0.000010,105278169306072.265625,0.000001,7.412321
RAM,1024,4,20,rdtsc,0.000009,0.000009,111815003654530.078125,0.000009,102.926232,0.000010,0.000010,105278169306072.265625,0.000001,7.412321
RAM,1024,4,21,rdtsc,0.000009,0.000009,111815003654530.078125,0.000009,102.926232,0.000010,0.000010,105278169306072.265625,0.000001,7.412321
RAM,1024,4,22,rdtsc,0.000009,0.000009,111815003654530.078125,0.000009,102.926232,0.000010,0.000010,105278169306072.265625,0.000001,7.412321
RAM,1024,4,23,rdtsc,0.000009,0.000009,111815003654530.078125,0.000009,102.926232,0.000010,0.000010,105278169306072.265625,0.000001,7.412321
RAM,1024,4,24,rdtsc,0.000009,0.000009,111815003654530.078125,0.000009,102.926232,0.000010,0.000010,105278169306072.265625,0.000001,7.412321
RAM,1024,4,25,rdtsc,0.000009,0.000009,111815003654530.078125,0.000009,102.926232,0.000010,0.000010,105278169306072.265625,0.000001,7.412321
RAM,1024,4,26,rdtsc,0.000009,0.000009,111815003654530.078125,0.000009,102.926232,0.000010,0.000010,105278169306072.265625,0.000001,7.412321
RAM,1024,4,27,rdtsc,0.000009,0.000009,111815003654530.078125,0.000009,102.926232,0.000010,0.000010,105278169306072.265625,0.000001,7.412321
RAM,1024,4,28,rdtsc,0.000009,0.000009,111815003654530.078125,0.000009,102.926232,0.000010,0.000010,105278169306072.265625,0.000001,7.412321
RAM,1024,4,29,rdtsc,0.000009,0.000009,111815003654530.078125,0.000009,102.926232,0.000010,0.000010,105278169306072.265625,0.000001,7.412321
RAM,1024,4,30,rdtsc,0.000009,0.000009,111815003654530.078125,0.000009,102.926232,0.000010,0.000010,105278169306072.265625,0.000001,7.412321
RAM,1024,4,31,rdtsc,0.000009,0.000009,111815003654530.078125,0.000009,102.926232,0.000010,0.000010,105278169306072.265625,0.000001,7.412321
RAM,1024,4,32,rdtsc,0.000009,0.000009,111815003654530.078125,0.000009,102.926232,0.000010,0.000010,105278169306072.265625,0.000001,7.412321
RAM,1024,4,33,rdtsc,0.000009,0.000009,111815003654530.078125,0.000009,102.926232,0.000010,0.000010,105278169306072.265625,0.000001,7.412321
RAM,1024,4,34,rdtsc,0.000009,0.000009,111815003654530.078125,0.000009,102.926232,0.000010,0.000010,105278169306072.265625,0.000001,7.412321
RAM,1024,4,35,rdtsc,0.000009,0.000009,111815003654530.078125,0.000009,102.926232,0.000010,0.000010,105278169306072.265625,0.000001,7.412321
RAM,1024,4,36,rdtsc,0.000009,0.000009,111815003654530.078125,0.000009,102.926232,0.000010,0.000010,105278169306072.265625,0.000001,7.412321
RAM,1024,4,37,rdtsc,0.000009,0.000009,111815003654530.078125,0.000009,102.926232,0.000010,0.000010,105278169306072.265625,0.000001,7.412321
RAM,1024,4,38,rdtsc,0.000009,0.000009,111815003654530.078125,0.000009,102.926232,0.000010,0.000010,105278169306072.265625,0.000001,7.412321
RAM,1024,4,39,rdtsc,0.000009,0.000009,111815003654530.078125,0.000009,102.926232,0.000010,0.000010,105278169306072.265625,0.000001,7.412321
RAM,1024,4,40,rdtsc,0.000009,0.000009,111815003654530.078125,0.000009,102.926232,0.000010,0.000010,105278169306072.265625,0.000001,7.412321
RAM,1024,4,41,rdtsc,0.000009,0.000009,111815003654530.078125,0.000009,102.926232,0.000010,0.000010,105278169306072.265625,0.000001,7.412321
RAM,1024,4,42,rdtsc,0.000009,0.000009,111815003654530.078125,0.000009,102.926232,0.000010,0.000010,105278169306072.265625,0.000001,7.412321
RAM,1024,4,43,rdtsc,0.000009,0.000009,111815003654530.078125,0.000009,102.926232,0.000010,0.000010,105278169306072.265625,0.000001,7.412321
RAM,1024,4,44,rdtsc,0.000009,0.000009,111815003654530.078125,0.000009,102.926232,0.000010,0.000010,105278169306072.265625,0.000001,7.412321
RAM,1024,4,45,rdtsc,0.000009,0.000009,111815003654530.078125,0.000009,102.926232,0.000010,0.000010,105278169306072.265625,0.000001,7.412321
RAM,1024,4,46,rdtsc,0.000009,0.000009,111815003654530.078125,0.000009,102.926232,0.000010,0.000010,105278169306072.265625,0.000001,7.412321
RAM,1024,4,47,rdtsc,0.000009,0.000009,111815003654530.078125,0.000009,102.926232,0.000010,0.000010,105278169306072.265625,0.000001,7.412321
RAM,1024,4,48,rdtsc,0.000009,0.000009,111815003654530.078125,0.000009,102.926232,0.000010,0.000010,105278169306072.265625,0.000001,7.412321
RAM,1024,4,49,rdtsc,0.000009,0.000009,111815003654530.078125,0.000009,102.926232,0.000010,0.000010,105278169306072.265625,0.000001,7.412321
RAM,1024,4,50,rdtsc,0.000009,0.000009,111815003654530.078125,0.000009,102.926232,0.000010,0.000010,105278169306072.265625,0.000001,7.412321
RAM,1024,4,51,rdtsc,0.000009,0.000009,111815003654530.078125,0.000009,102.926232,0.000010,0.000010,105278169306072.265625,0.000001,7.412321
RAM,1024,4,52,rdtsc,0.000009,0.000009,111815003654530.078125,0.000009,102.926232,0.000010,0.000010,105278169306072.265625,0.000001,7.412321
RAM,1024,4,53,rdtsc,0.000009,0.000009,111815003654530.078125,0.000009,102.926232,0.000010,0.000010,105278169306072.265625,0.000001,7.412321
RAM,1024,4,54,rdtsc,0.000009,0.000009,111815003654530.078125,0.000009,102.926232,0.000010,0.000010,105278169306072.265625,0.000001,7.412321
RAM,1024,4,55,rdtsc,0.000009,0.000009,111815003654530.078125,0.000009,102.926232,0.000010,0.000010,105278169306072.265625,0.000001,7.412321
RAM,1024,4,56,rdtsc,0.000009,0.000009,111815003654530.078125,0.000009,102.926232,0.000010,0.000010,105278169306072.265625,0.000001,7.412321
RAM,1024,4,57,rdtsc,0.000009,0.000009,111815003654530.078125,0.000009,102.926232,0.000010,0.000010,105278169306072.265625,0.000001,7.412321
RAM,1024,4,58,rdtsc,0.000009,0.000009,111815003654530.078125,0.000009,102.926232,0.000010,0.000010,105278169306072.265625,0.000001,7.412321
RAM,1024,4,59,rdtsc,0.000009,0.000009,111815003654530.078125,0.000009,102.926232,0.000010,0.000010,105278169306072.265625,0.000001,7.412321
RAM,1024,4,60,rdtsc,0.000009,0.000009,111815003654530.078125,0.000009,102.926232,0.000010,0.000010,105278169306072.265625,0.000001,7.412321
RAM,1024,4,61,rdtsc,0.000009,0.000009,111815003654530.078125,0.000009,102.926232,0.000010,0.000010,105278169306072.265625,0.000001,7.412321
RAM,1024,4,62,rdtsc,0.000009,0.000009,111815003654530.078125,0.000009,102.926232,0.000010,0.000010,105278169306072.265625,0.000001,7.412321
RAM,1024,4,63,rdtsc,0.000009,0.000009,111815003654530.078125,0.000009,102.926232,0.000010,0.000010,105278169306072.265625,0.000001,7.412321
RAM,1024,4,64,rdtsc,0.000009,0.000009,111815003654530.078125,0.000009,102.926232,0.000010,0.000010,105278169306072.265625,0.000001,7.412321
RAM,1024,4,65,rdtsc,0.000009,0.000009,111815003654530.078125,0.000009,102.926232,0.000010,0.000010,105278169306072.265625,0.000001,7.412321
RAM,1024,4,66,rdtsc,0.000009,0.000009,111815003654530.078125,0.000009,102.926232,0.000010,0.000010,105278169306072.265625,0.000001,7.412321
RAM,1024,4,67,rdtsc,0.000009,0.000009,111815003654530.078125,0.000009,102.926232,0.000010,0.000010,105278169306072.265625,0.000001,7.412321
RAM,1024,4,68,rdtsc,0.000009,0.000009,111815003654530.078125,0.000009,102.926232,0.000010,0.000010,105278169306072.265625,0.000001,7.412321
RAM,1024,4,69,rdtsc,0.000009,0.000009,111815003654530.078125,0.000009,102.926232,0.000010,0.000010,105278169306072.265625,0.000001,7.412321
RAM,1024,4,70,rdtsc,0.000009,0.000009,111815003654530.078125,0.000009,102.926232,0.000010,0.000010,105278169306072.265625,0.000001,7.412321
RAM,1024,4,71,rdtsc,0.000009,0.000009,111815003654530.078125,0.000009,102.926232,0.000010,0.000010,105278169306072.265625,0.000001,7.412321
RAM,1024,4,72,rdtsc,0.000009,0.000009,111815003654530.078125,0.000009,102.926232,0.000010,0.000010,105278169306072.265625,0.000001,7.412321
RAM,1024,4,73,rdtsc,0.000009,0.000009,111815003654530.078125,0.000009,102.926232,0.000010,0.000010,105278169306072.265625,0.000001,7.412321
RAM,1024,4,74,rdtsc,0.000009,0.000009,111815003654530.078125,0.000009,102.926232,0.000010,0.000010,105278169306072.265625,0.000001,7.412321
RAM,1024,4,75,rdtsc,0.000009,0.000009,111815003654530.078125,0.000009,102.926232,0.000010,0.000010,105278169306072.265625,0.000001,7.412321
RAM,1024,4,76,rdtsc,0.000009,0.000009,111815003654530.078125,0.000009,102.926232,0.000010,0.000010,105278169306072.265625,0.000001,7.412321
RAM,1024,4,77,rdtsc,0.000009,0.000009,111815003654530.078125,0.000009,102.926232,0.000010,0.000010,105278169306072.265625,0.000001,7.412321
RAM,1024,4,78,rdtsc,0.000009,0.000009,111815003654530.078125,0.000009,102.926232,0.000010,0.000010,105278169306072.265625,0.000001,7.412321
RAM,1024,4,79,rdtsc,0.000009,0.000009,111815003654530.078125,0.000009,102.926232,0.000010,0.000010,105278169306072.265625,0.000001,7.412321
RAM,1024,4,80,rdtsc,0.000009,0.000009,111815003654530.078125,0.000009,102.926232,0.000010,0.000010,105278169306072.265625,0.000001,7.412321
RAM,1024,4,81,rdtsc,0.000009,0.000009,111815003654530.078125,0.000009,102.926232,0.000010,0.000010,105278169306072.265625,0.000001,7.412321
RAM,1024,4,82,rdtsc,0.000009,0.000009,111815003654530.078125,0.000009,102.926232,0.000010,0.000010,105278169306072.265625,0.000001,7.412321
RAM,1024,4,83,rdtsc,0.000009,0.000009,111815003654530.078125,0.000009,102.926232,0.000010,0.000010,105278169306072.265625,0.000001,7.412321
RAM,1024,4,84,rdtsc,0.000009,0.000009,111815003654530.078125,0.000009,102.926232,0.000010,0.000010,105278169306072.265625,0.000001,7.412321
RAM,1024,4,85,rdtsc,0.000009,0.000009,111815003654530.078125,0.000009,102.926232,0.000010,0.000010,105278169306072.265625,0.000001,7.412321
RAM,1024,4,86,rdtsc,0.000009,0.000009,111815003654530.078125,0.000009,102.926232,0.000010,0.000010,105278169306072.265625,0.000001,7.412321
RAM,1024,4,87,rdtsc,0.000009,0.000009,111815003654530.078125,0.000009,102.926232,0.000010,0.000010,105278169306072.265625,0.000001,7.412321
RAM,1024,4,88,rdtsc,0.000009,0.000009,111815003654530.078125,0.000009,102.926232,0.000010,0.000010,105278169306072.265625,0.000001,7.412321
RAM,1024,4,89,rdtsc,0.000009,0.000009,111815003654530.078125,0.000009,102.926232,0.000010,0.000010,105278169306072.265625,0.000001,7.412321
RAM,1024,4,90,rdtsc,0.000009,0.000009,111815003654530.078125,0.000009,102.926232,0.000010,0.000010,105278169306072.265625,0.000001,7.412321
RAM,1024,4,91,rdtsc,0.000009,0.000009,111815003654530.078125,0.000009,102.926232,0.000010,0.000010,105278169306072.265625,0.000001,7.412321
RAM,1024,4,92,rdtsc,0.000009,0.000009,111815003654530.078125,0.000009,102.926232,0.000010,0.000010,105278169306072.265625,0.000001,7.412321
RAM,1024,4,93,rdtsc,0.000009,0.000009,111815003654530.078125,0.000009,102.926232,0.000010,0.000010,105278169306072.265625,0.000001,7.412321
RAM,1024,4,94,rdtsc,0.000009,0.000009,111815003654530.078125,0.000009,102.926232,0.000010,0.000010,105278169306072.265625,0.000001,7.412321
RAM,1024,4,95,rdtsc,0.000009,0.000009,111815003654530.078125,0.000009,102.926232,0.000010,0.000010,105278169306072.265625,0.000001,7.412321
RAM,1024,4,96,rdtsc,0.000009,0.000009,111815003654530.078125,0.000009,102.926232,0.000010,0.000010,105278169306072.265625,0.000001,7.412321
RAM,1024,4,97,rdtsc,0.000009,0.000009,111815003654530.078125,0.000009,102.926232,0.000010,0.000010,105278169306072.265625,0.000001,7.412321
RAM,1024,4,98,rdtsc,0.000009,0.000009,111815003654530.078125,0.000009,102.926232,0.000010,0.000010,105278169306072.265625,0.000001,7.412321
RAM,1024,4,99,rdtsc,0.000009,0.000009,111815003654530.078125,0.000009,102.926232,0.000010,0.000010,105278169306072.265625,0.000001,7.412321
RAM,1024,4,100,rdtsc,0.000009,0.000009,111815003654530.078125,0.000009,102.926232,0.000010,0.000010,105278169306072.265625,0.000001,7.412321
TOSHIBA MQ01ABF0,1024,4,1,rdtsc,0.000059,0.000054,19089140585771.449219,0.000084,156.294744,0.000064,0.000063,16187948280566.306641,0.000091,144.337099
TOSHIBA MQ01ABF0,1024,4,2,rdtsc,0.000053,0.000054,19089140585771.449219,0.000084,156.294744,0.000063,0.000063,16187948280566.306641,0.000091,144.337099
TOSHIBA MQ01ABF0,1024,4,3,rdtsc,0.000053,0.000054,19089140585771.449219,0.000084,156.294744,0.000063,0.000063,16187948280566.306641,0.000091,144.337099
TOSHIBA MQ01ABF0,1024,4,4,rdtsc,0.000053,0.000054,19089140585771.449219,0.000084,156.294744,0.000063,0.000063,16187948280566.306641,0.000091,144.337099
TOSHIBA MQ01ABF0,1024,4,5,rdtsc,0.000053,0.000054,19089140585771.449219,0.000084,156.294744,0.000068,0.000063,16187948280566.306641,0.000091,144.337099
TOSHIBA MQ01ABF0,1024,4,6,rdtsc,0.000053,0.000054,19089140585771.449219,0.000084,156.294744,0.000067,0.000063,16187948280566.306641,0.000091,144.337099
TOSHIBA MQ01ABF0,1024,4,7,rdtsc,0.000053,0.000054,19089140585771.449219,0.000084,156.294744,0.000067,0.000063,16187948280566.306641,0.000091,144.337099
TOSHIBA MQ01ABF0,1024,4,8,rdtsc,0.000058,0.000054,19089140585771.449219,0.000084,156.294744,0.000063,0.000063,16187948280566.306641,0.000091,144.337099
TOSHIBA MQ01ABF0,1024,4,9,rdtsc,0.000053,0.000054,19089140585771.449219,0.000084,156.294744,0.000063,0.000063,16187948280566.306641,0.000091,144.337099
TOSHIBA MQ01ABF0,1024,4,10,rdtsc,0.000053,0.000054,19089140585771.449219,0.000084,156.294744,0.000063,0.000063,16187948280566.306641,0.000091,144.337099
TOSHIBA MQ01ABF0,1024,4,11,rdtsc,0.000052,0.000054,19089140585771.449219,0.000084,156.294744,0.000062,0.000063,16187948280566.306641,0.000091,144.337099
TOSHIBA MQ01ABF0,1024,4,12,rdtsc,0.000053,0.000054,19089140585771.449219,0.000084,156.294744,0.000067,0.000063,16187948280566.306641,0.000091,144.337099
TOSHIBA MQ01ABF0,1024,4,13,rdtsc,0.000053,0.000054,19089140585771.449219,0.000084,156.294744,0.000063,0.000063,16187948280566.306641,0.000091,144.337099
TOSHIBA MQ01ABF0,1024,4,14,rdtsc,0.000053,0.000054,19089140585771.449219,0.000084,156.294744,0.000063,0.000063,16187948280566.306641,0.000091,144.337099
TOSHIBA MQ01ABF0,1024,4,15,rdtsc,0.000053,0.000054,19089140585771.449219,0.000084,156.294744,0.000063,0.000063,16187948280566.306641,0.000091,144.337099
TOSHIBA MQ01ABF0,1024,4,16,rdtsc,0.000053,0.000054,19089140585771.449219,0.000084,156.294744,0.000062,0.000063,16187948280566.306641,0.000091,144.337099
TOSHIBA MQ01ABF0,1024,4,17,rdtsc,0.000053,0.000054,19089140585771.449219,0.000084,156.294744,0.000063,0.000063,16187948280566.306641,0.000091,144.337099
TOSHIBA MQ01ABF0,1024,4,18,rdtsc,0.000054,0.000054,19089140585771.449219,0.000084,156.294744,0.000062,0.000063,16187948280566.306641,0.000091,144.337099
TOSHIBA MQ01ABF0,1024,4,19,rdtsc,0.000054,0.000054,19089140585771.449219,0.000084,156.294744,0.000063,0.000063,16187948280566.306641,0.000091,144.337099
TOSHIBA MQ01ABF0,1024,4,20,rdtsc,0.000059,0.000054,19089140585771.449219,0.000084,156.294744,0.000063,0.000063,16187948280566.306641,0.000091,144.337099
TOSHIBA MQ01ABF0,1024,4,21,rdtsc,0.000053,0.000054,19089140585771.449219,0.000084,156.294744,0.000063,0.000063,16187948280566.306641,0.000091,144.337099
TOSHIBA MQ01ABF0,1024,4,22,rdtsc,0.000053,0.000054,19089140585771.449219,0.000084,156.294744,0.000063,0.000063,16187948280566.306641,0.000091,144.337099
TOSHIBA MQ01ABF0,1024,4,23,rdtsc,0.000053,0.000054,19089140585771.449219,0.000084,156.294744,0.000063,0.000063,16187948280566.306641,0.000091,144.337099
TOSHIBA MQ01ABF0,1024,4,24,rdtsc,0.000052,0.000054,19089140585771.449219,0.000084,156.294744,0.000063,0.000063,16187948280566.306641,0.000091,144.337099
TOSHIBA MQ01ABF0,1024,4,25,rdtsc,0.000054,0.000054,19089140585771.449219,0.000084,156.294744,0.000063,0.000063,16187948280566.306641,0.000091,144.337099
TOSHIBA MQ01ABF0,1024,4,26,rdtsc,0.000053,0.000054,19089140585771.449219,0.000084,156.294744,0.000063,0.000063,16187948280566.306641,0.000091,144.337099
TOSHIBA MQ01ABF0,1024,4,27,rdtsc,0.000053,0.000054,19089140585771.449219,0.000084,156.294744,0.000063,0.000063,16187948280566.306641,0.000091,144.337099
TOSHIBA MQ01ABF0,1024,4,28,rdtsc,0.000058,0.000054,19089140585771.449219,0.000084,156.294744,0.000062,0.000063,16187948280566.306641,0.000091,144.337099
TOSHIBA MQ01ABF0,1024,4,29,rdtsc,0.000053,0.000054,19089140585771.449219,0.000084,156.294744,0.000062,0.000063,16187948280566.306641,0.000091,144.337099
TOSHIBA MQ01ABF0,1024,4,30,rdtsc,0.000053,0.000054,19089140585771.449219,0.000084,156.294744,0.000062,0.000063,16187948280566.306641,0.000091,144.337099
TOSHIBA MQ01ABF0,1024,4,31,rdtsc,0.000053,0.000054,19089140585771.449219,0.000084,156.294744,0.000063,0.000063,16187948280566.306641,0.000091,144.337099
TOSHIBA MQ01ABF0,1024,4,32,rdtsc,0.000053,0.000054,19089140585771.449219,0.000084,156.294744,0.000063,0.000063,16187948280566.306641,0.000091,144.337099
TOSHIBA MQ01ABF0,1024,4,33,rdtsc,0.000054,0.000054,19089140585771.449219,0.000084,156.294744,0.000063,0.000063,16187948280566.306641,0.000091,144.337099
TOSHIBA MQ01ABF0,1024,4,34,rdtsc,0.000053,0.000054,19089140585771.449219,0.000084,156.294744,0.000066,0.000063,16187948280566.306641,0.000091,144.337099
TOSHIBA MQ01ABF0,1024,4,35,rdtsc,0.000054,0.000054,19089140585771.449219,0.000084,156.294744,0.000063,0.000063,16187948280566.306641,0.000091,144.337099
TOSHIBA MQ01ABF0,1024,4,36,rdtsc,0.000053,0.000054,19089140585771.449219,0.000084,156.294744,0.000063,0.000063,16187948280566.306641,0.000091,144.337099
TOSHIBA MQ01ABF0,1024,4,37,rdtsc,0.000053,0.000054,19089140585771.449219,0.000084,156.294744,0.000063,0.000063,16187948280566.306641,0.000091,144.337099
TOSHIBA MQ01ABF0,1024,4,38,rdtsc,0.000053,0.000054,19089140585771.449219,0.000084,156.294744,0.000063,0.000063,16187948280566.306641,0.000091,144.337099
TOSHIBA MQ01ABF0,1024,4,39,rdtsc,0.000053,0.000054,19089140585771.449219,0.000084,156.294744,0.000062,0.000063,16187948280566.306641,0.000091,144.337099
TOSHIBA MQ01ABF0,1024,4,40,rdtsc,0.000053,0.000054,19089140585771.449219,0.000084,156.294744,0.000063,0.000063,16187948280566.306641,0.000091,144.337099
TOSHIBA MQ01ABF0,1024,4,41,rdtsc,0.000053,0.000054,19089140585771.449219,0.000084,156.294744,0.000063,0.000063,16187948280566.306641,0.000091,144.337099
TOSHIBA MQ01ABF0,1024,4,42,rdtsc,0.000053,0.000054,19089140585771.449219,0.000084,156.294744,0.000064,0.000063,16187948280566.306641,0.000091,144.337099
TOSHIBA MQ01ABF0,1024,4,43,rdtsc,0.000053,0.000054,19089140585771.449219,0.000084,156.294744,0.000063,0.000063,16187948280566.306641,0.000091,144.337099
TOSHIBA MQ01ABF0,1024,4,44,rdtsc,0.000053,0.000054,19089140585771.449219,0.000084,156.294744,0.000064,0.000063,16187948280566.306641,0.000091,144.337099
TOSHIBA MQ01ABF0,1024,4,45,rdtsc,0.000053,0.000054,19089140585771.449219,0.000084,156.294744,0.000064,0.000063,16187948280566.306641,0.000091,144.337099
TOSHIBA MQ01ABF0,1024,4,46,rdtsc,0.000053,0.000054,19089140585771.449219,0.000084,156.294744,0.000063,0.000063,16187948280566.306641,0.000091,144.337099
TOSHIBA MQ01ABF0,1024,4,47,rdtsc,0.000053,0.000054,19089140585771.449219,0.000084,156.294744,0.000067,0.000063,16187948280566.306641,0.000091,144.337099
TOSHIBA MQ01ABF0,1024,4,48,rdtsc,0.000053,0.000054,19089140585771.449219,0.000084,156.294744,0.000063,0.000063,16187948280566.306641,0.000091,144.337099
TOSHIBA MQ01ABF0,1024,4,49,rdtsc,0.000053,0.000054,19089140585771.449219,0.000084,156.294744,0.000063,0.000063,16187948280566.306641,0.000091,144.337099
TOSHIBA MQ01ABF0,1024,4,50,rdtsc,0.000053,0.000054,19089140585771.449219,0.000084,156.294744,0.000063,0.000063,16187948280566.306641,0.000091,144.337099
TOSHIBA MQ01ABF0,1024,4,51,rdtsc,0.000053,0.000054,19089140585771.449219,0.000084,156.294744,0.000062,0.000063,16187948280566.306641,0.000091,144.337099
TOSHIBA MQ01ABF0,1024,4,52,rdtsc,0.000053,0.000054,19089140585771.449219,0.000084,156.294744,0.000063,0.000063,16187948280566.306641,0.000091,144.337099
TOSHIBA MQ01ABF0,1024,4,53,rdtsc,0.000053,0.000054,19089140585771.449219,0.000084,156.294744,0.000062,0.000063,16187948280566.306641,0.000091,144.337099
TOSHIBA MQ01ABF0,1024,4,54,rdtsc,0.000053,0.000054,19089140585771.449219,0.000084,156.294744,0.000063,0.000063,16187948280566.306641,0.000091,144.337099
TOSHIBA MQ01ABF0,1024,4,55,rdtsc,0.000053,0.000054,19089140585771.449219,0.000084,156.294744,0.000062,0.000063,16187948280566.306641,0.000091,144.337099
TOSHIBA MQ01ABF0,1024,4,56,rdtsc,0.000058,0.000054,19089140585771.449219,0.000084,156.294744,0.000062,0.000063,16187948280566.306641,0.000091,144.337099
TOSHIBA MQ01ABF0,1024,4,57,rdtsc,0.000053,0.000054,19089140585771.449219,0.000084,156.294744,0.000063,0.000063,16187948280566.306641,0.000091,144.337099
TOSHIBA MQ01ABF0,1024,4,58,rdtsc,0.000058,0.000054,19089140585771.449219,0.000084,156.294744,0.000063,0.000063,16187948280566.306641,0.000091,144.337099
TOSHIBA MQ01ABF0,1024,4,59,rdtsc,0.000053,0.000054,19089140585771.449219,0.000084,156.294744,0.000063,0.000063,16187948280566.306641,0.000091,144.337099
TOSHIBA MQ01ABF0,1024,4,60,rdtsc,0.000054,0.000054,19089140585771.449219,0.000084,156.294744,0.000062,0.000063,16187948280566.306641,0.000091,144.337099
TOSHIBA MQ01ABF0,1024,4,61,rdtsc,0.000053,0.000054,19089140585771.449219,0.000084,156.294744,0.000067,0.000063,16187948280566.306641,0.000091,144.337099
TOSHIBA MQ01ABF0,1024,4,62,rdtsc,0.000053,0.000054,19089140585771.449219,0.000084,156.294744,0.000063,0.000063,16187948280566.306641,0.000091,144.337099
TOSHIBA MQ01ABF0,1024,4,63,rdtsc,0.000053,0.000054,19089140585771.449219,0.000084,156.294744,0.000063,0.000063,16187948280566.306641,0.000091,144.337099
TOSHIBA MQ01ABF0,1024,4,64,rdtsc,0.000053,0.000054,19089140585771.449219,0.000084,156.294744,0.000063,0.000063,16187948280566.306641,0.000091,144.337099
TOSHIBA MQ01ABF0,1024,4,65,rdtsc,0.000053,0.000054,19089140585771.449219,0.000084,156.294744,0.000063,0.000063,16187948280566.306641,0.000091,144.337099
TOSHIBA MQ01ABF0,1024,4,66,rdtsc,0.000053,0.000054,19089140585771.449219,0.000084,156.294744,0.000062,0.000063,16187948280566.306641,0.000091,144.337099
TOSHIBA MQ01ABF0,1024,4,67,rdtsc,0.000053,0.000054,19089140585771.449219,0.000084,156.294744,0.000062,0.000063,16187948280566.306641,0.000091,144.337099
TOSHIBA MQ01ABF0,1024,4,68,rdtsc,0.000053,0.000054,19089140585771.449219,0.000084,156.294744,0.000062,0.000063,16187948280566.306641,0.000091,144.337099
TOSHIBA MQ01ABF0,1024,4,69,rdtsc,0.000058,0.000054,19089140585771.449219,0.000084,156.294744,0.000062,0.000063,16187948280566.306641,0.000091,144.337099
TOSHIBA MQ01ABF0,1024,4,70,rdtsc,0.000057,0.000054,19089140585771.449219,0.000084,156.294744,0.000063,0.000063,16187948280566.306641,0.000091,144.337099
TOSHIBA MQ01ABF0,1024,4,71,rdtsc,0.000053,0.000054,19089140585771.449219,0.000084,156.294744,0.000062,0.000063,16187948280566.306641,0.000091,144.337099
TOSHIBA MQ01ABF0,1024,4,72,rdtsc,0.000054,0.000054,19089140585771.449219,0.000084,156.294744,0.000063,0.000063,16187948280566.306641,0.000091,144.337099
TOSHIBA MQ01ABF0,1024,4,73,rdtsc,0.000053,0.000054,19089140585771.449219,0.000084,156.294744,0.000063,0.000063,16187948280566.306641,0.000091,144.337099
TOSHIBA MQ01ABF0,1024,4,74,rdtsc,0.000053,0.000054,19089140585771.449219,0.000084,156.294744,0.000063,0.000063,16187948280566.306641,0.000091,144.337099
TOSHIBA MQ01ABF0,1024,4,75,rdtsc,0.000053,0.000054,19089140585771.449219,0.000084,156.294744,0.000063,0.000063,16187948280566.306641,0.000091,144.337099
TOSHIBA MQ01ABF0,1024,4,76,rdtsc,0.000054,0.000054,19089140585771.449219,0.000084,156.294744,0.000063,0.000063,16187948280566.306641,0.000091,144.337099
TOSHIBA MQ01ABF0,1024,4,77,rdtsc,0.000052,0.000054,19089140585771.449219,0.000084,156.294744,0.000062,0.000063,16187948280566.306641,0.000091,144.337099
TOSHIBA MQ01ABF0,1024,4,78,rdtsc,0.000053,0.000054,19089140585771.449219,0.000084,156.294744,0.000063,0.000063,16187948280566.306641,0.000091,144.337099
TOSHIBA MQ01ABF0,1024,4,79,rdtsc,0.000054,0.000054,19089140585771.449219,0.000084,156.294744,0.000063,0.000063,16187948280566.306641,0.000091,144.337099
TOSHIBA MQ01ABF0,1024,4,80,rdtsc,0.000053,0.000054,19089140585771.449219,0.000084,156.294744,0.000063,0.000063,16187948280566.306641,0.000091,144.337099
TOSHIBA MQ01ABF0,1024,4,81,rdtsc,0.000053,0.000054,19089140585771.449219,0.000084,156.294744,0.000063,0.000063,16187948280566.306641,0.000091,144.337099
TOSHIBA MQ01ABF0,1024,4,82,rdtsc,0.000053,0.000054,19089140585771.449219,0.000084,156.294744,0.000067,0.000063,16187948280566.306641,0.000091,144.337099
TOSHIBA MQ01ABF0,1024,4,83,rdtsc,0.000053,0.000054,19089140585771.449219,0.000084,156.294744,0.000067,0.000063,16187948280566.306641,0.000091,144.337099
TOSHIBA MQ01ABF0,1024,4,84,rdtsc,0.000053,0.000054,19089140585771.449219,0.000084,156.294744,0.000063,0.000063,16187948280566.306641,0.000091,144.337099
TOSHIBA MQ01ABF0,1024,4,85,rdtsc,0.000058,0.000054,19089140585771.449219,0.000084,156.294744,0.000063,0.000063,16187948280566.306641,0.000091,144.337099
TOSHIBA MQ01ABF0,1024,4,86,rdtsc,0.000053,0.000054,19089140585771.449219,0.000084,156.294744,0.000063,0.000063,16187948280566.306641,0.000091,144.337099
TOSHIBA MQ01ABF0,1024,4,87,rdtsc,0.000053,0.000054,19089140585771.449219,0.000084,156.294744,0.000063,0.000063,16187948280566.306641,0.000091,144.337099
TOSHIBA MQ01ABF0,1024,4,88,rdtsc,0.000053,0.000054,19089140585771.449219,0.000084,156.294744,0.000068,0.000063,16187948280566.306641,0.000091,144.337099
TOSHIBA MQ01ABF0,1024,4,89,rdtsc,0.000053,0.000054,19089140585771.449219,0.000084,156.294744,0.000064,0.000063,16187948280566.306641,0.000091,144.337099
TOSHIBA MQ01ABF0,1024,4,90,rdtsc,0.000053,0.000054,19089140585771.449219,0.000084,156.294744,0.000063,0.000063,16187948280566.306641,0.000091,144.337099
TOSHIBA MQ01ABF0,1024,4,91,rdtsc,0.000053,0.000054,19089140585771.449219,0.000084,156.294744,0.000067,0.000063,16187948280566.306641,0.000091,144.337099
TOSHIBA MQ01ABF0,1024,4,92,rdtsc,0.000054,0.000054,19089140585771.449219,0.000084,156.294744,0.000063,0.000063,16187948280566.306641,0.000091,144.337099
TOSHIBA MQ01ABF0,1024,4,93,rdtsc,0.000053,0.000054,19089140585771.449219,0.000084,156.294744,0.000063,0.000063,16187948280566.306641,0.000091,144.337099
TOSHIBA MQ01ABF0,1024,4,94,rdtsc,0.000054,0.000054,19089140585771.449219,0.000084,156.294744,0.000063,0.000063,16187948280566.306641,0.000091,144.337099
TOSHIBA MQ01ABF0,1024,4,95,rdtsc,0.000053,0.000054,19089140585771.449219,0.000084,156.294744,0.000063,0.000063,16187948280566.306641,0.000091,144.337099
TOSHIBA MQ01ABF0,1024,4,96,rdtsc,0.000053,0.000054,19089140585771.449219,0.000084,156.294744,0.000063,0.000063,16187948280566.306641,0.000091,144.337099
TOSHIBA MQ01ABF0,1024,4,97,rdtsc,0.000054,0.000054,19089140585771.449219,0.000084,156.294744,0.000063,0.000063,16187948280566.306641,0.000091,144.337099
TOSHIBA MQ01ABF0,1024,4,98,rdtsc,0.000054,0.000054,19089140585771.449219,0.000084,156.294744,0.000063,0.000063,16187948280566.306641,0.000091,144.337099
TOSHIBA MQ01ABF0,1024,4,99,rdtsc,0.000053,0.000054,19089140585771.449219,0.000084,156.294744,0.000062,0.000063,16187948280566.306641,0.000091,144.337099
TOSHIBA MQ01ABF0,1024,4,100,rdtsc,0.000053,0.000054,19089140585771.449219,0.000084,156.294744,0.000063,0.000063,16187948280566.306641,0.000091,144.337099
Transcend 32GB  ,1024,4,1,rdtsc,0.000040,0.000029,35628084726689.351562,0.000175,608.950793,0.000033,0.000035,29552188089847.410156,0.000116,336.068630
Transcend 32GB  ,1024,4,2,rdtsc,0.000030,0.000029,35628084726689.351562,0.000175,608.950793,0.000036,0.000035,29552188089847.410156,0.000116,336.068630
Transcend 32GB  ,1024,4,3,rdtsc,0.000030,0.000029,35628084726689.351562,0.000175,608.950793,0.000036,0.000035,29552188089847.410156,0.000116,336.068630
Transcend 32GB  ,1024,4,4,rdtsc,0.000030,0.000029,35628084726689.351562,0.000175,608.950793,0.000035,0.000035,29552188089847.410156,0.000116,336.068630
Transcend 32GB  ,1024,4,5,rdtsc,0.000030,0.000029,35628084726689.351562,0.000175,608.950793,0.000033,0.000035,29552188089847.410156,0.000116,336.068630
Transcend 32GB  ,1024,4,6,rdtsc,0.000032,0.000029,35628084726689.351562,0.000175,608.950793,0.000034,0.000035,29552188089847.410156,0.000116,336.068630
Transcend 32GB  ,1024,4,7,rdtsc,0.000031,0.000029,35628084726689.351562,0.000175,608.950793,0.000034,0.000035,29552188089847.410156,0.000116,336.068630
Transcend 32GB  ,1024,4,8,rdtsc,0.000030,0.000029,35628084726689.351562,0.000175,608.950793,0.000035,0.000035,29552188089847.410156,0.000116,336.068630
Transcend 32GB  ,1024,4,9,rdtsc,0.000029,0.000029,35628084726689.351562,0.000175,608.950793,0.000034,0.000035,29552188089847.410156,0.000116,336.068630
Transcend 32GB  ,1024,4,10,rdtsc,0.000029,0.000029,35628084726689.351562,0.000175,608.950793,0.000034,0.000035,29552188089847.410156,0.000116,336.068630
Transcend 32GB  ,1024,4,11,rdtsc,0.000029,0.000029,35628084726689.351562,0.000175,608.950793,0.000033,0.000035,29552188089847.410156,0.000116,336.068630
Transcend 32GB  ,1024,4,12,rdtsc,0.000029,0.000029,35628084726689.351562,0.000175,608.950793,0.000034,0.000035,29552188089847.410156,0.000116,336.068630
Transcend 32GB  ,1024,4,13,rdtsc,0.000030,0.000029,35628084726689.351562,0.000175,608.950793,0.000035,0.000035,29552188089847.410156,0.000116,336.068630
Transcend 32GB  ,1024,4,14,rdtsc,0.000031,0.000029,35628084726689.351562,0.000175,608.950793,0.000035,0.000035,29552188089847.410156,0.000116,336.068630
Transcend 32GB  ,1024,4,15,rdtsc,0.000031,0.000029,35628084726689.351562,0.000175,608.950793,0.000040,0.000035,29552188089847.410156,0.000116,336.068630
Transcend 32GB  ,1024,4,16,rdtsc,0.000029,0.000029,35628084726689.351562,0.000175,608.950793,0.000036,0.000035,29552188089847.410156,0.000116,336.068630
Transcend 32GB  ,1024,4,17,rdtsc,0.000035,0.000029,35628084726689.351562,0.000175,608.950793,0.000034,0.000035,29552188089847.410156,0.000116,336.068630
Transcend 32GB  ,1024,4,18,rdtsc,0.000030,0.000029,35628084726689.351562,0.000175,608.950793,0.000035,0.000035,29552188089847.410156,0.000116,336.068630
Transcend 32GB  ,1024,4,19,rdtsc,0.000030,0.000029,35628084726689.351562,0.000175,608.950793,0.000037,0.000035,29552188089847.410156,0.000116,336.068630
Transcend 32GB  ,1024,4,20,rdtsc,0.000030,0.000029,35628084726689.351562,0.000175,608.950793,0.000039,0.000035,29552188089847.410156,0.000116,336.068630
Transcend 32GB  ,1024,4,21,rdtsc,0.000029,0.000029,35628084726689.351562,0.000175,608.950793,0.000034,0.000035,29552188089847.410156,0.000116,336.068630
Transcend 32GB  ,1024,4,22,rdtsc,0.000030,0.000029,35628084726689.351562,0.000175,608.950793,0.000034,0.000035,29552188089847.410156,0.000116,336.068630
Transcend 32GB  ,1024,4,23,rdtsc,0.000030,0.000029,35628084726689.351562,0.000175,608.950793,0.000034,0.000035,29552188089847.410156,0.000116,336.068630
Transcend 32GB  ,1024,4,24,rdtsc,0.000031,0.000029,35628084726689.351562,0.000175,608.950793,0.000033,0.000035,29552188089847.410156,0.000116,336.068630
Transcend 32GB  ,1024,4,25,rdtsc,0.000036,0.000029,35628084726689.351562,0.000175,608.950793,0.000032,0.000035,29552188089847.410156,0.000116,336.068630
Transcend 32GB  ,1024,4,26,rdtsc,0.000032,0.000029,35628084726689.351562,0.000175,608.950793,0.000034,0.000035,29552188089847.410156,0.000116,336.068630
Transcend 32GB  ,1024,4,27,rdtsc,0.000030,0.000029,35628084726689.351562,0.000175,608.950793,0.000034,0.000035,29552188089847.410156,0.000116,336.068630
Transcend 32GB  ,1024,4,28,rdtsc,0.000030,0.000029,35628084726689.351562,0.000175,608.950793,0.000035,0.000035,29552188089847.410156,0.000116,336.068630
Transcend 32GB  ,1024,4,29,rdtsc,0.000031,0.000029,35628084726689.351562,0.000175,608.950793,0.000034,0.000035,29552188089847.410156,0.000116,336.068630
Transcend 32GB  ,1024,4,30,rdtsc,0.000036,0.000029,35628084726689.351562,0.000175,608.950793,0.000034,0.000035,29552188089847.410156,0.000116,336.068630
Transcend 32GB  ,1024,4,31,rdtsc,0.000029,0.000029,35628084726689.351562,0.000175,608.950793,0.000033,0.000035,29552188089847.410156,0.000116,336.068630
Transcend 32GB  ,1024,4,32,rdtsc,0.000029,0.000029,35628084726689.351562,0.000175,608.950793,0.000034,0.000035,29552188089847.410156,0.000116,336.068630
Transcend 32GB  ,1024,4,33,rdtsc,0.000029,0.000029,35628084726689.351562,0.000175,608.950793,0.000036,0.000035,29552188089847.410156,0.000116,336.068630
Transcend 32GB  ,1024,4,34,rdtsc,0.000029,0.000029,35628084726689.351562,0.000175,608.950793,0.000036,0.000035,29552188089847.410156,0.000116,336.068630
Transcend 32GB  ,1024,4,35,rdtsc,0.000030,0.000029,35628084726689.351562,0.000175,608.950793,0.000034,0.000035,29552188089847.410156,0.000116,336.068630
Transcend 32GB  ,1024,4,36,rdtsc,0.000030,0.000029,35628084726689.351562,0.000175,608.950793,0.000034,0.000035,29552188089847.410156,0.000116,336.068630
Transcend 32GB  ,1024,4,37,rdtsc,0.000030,0.000029,35628084726689.351562,0.000175,608.950793,0.000036,0.000035,29552188089847.410156,0.000116,336.068630
Transcend 32GB  ,1024,4,38,rdtsc,0.000034,0.000029,35628084726689.351562,0.000175,608.950793,0.000036,0.000035,29552188089847.410156,0.000116,336.068630
Transcend 32GB  ,1024,4,39,rdtsc,0.000027,0.000029,35628084726689.351562,0.000175,608.950793,0.000036,0.000035,29552188089847.410156,0.000116,336.068630
Transcend 32GB  ,1024,4,40,rdtsc,0.000027,0.000029,35628084726689.351562,0.000175,608.950793,0.000035,0.000035,29552188089847.410156,0.000116,336.068630
Transcend 32GB  ,1024,4,41,rdtsc,0.000028,0.000029,35628084726689.351562,0.000175,608.950793,0.000036,0.000035,29552188089847.410156,0.000116,336.068630
Transcend 32GB  ,1024,4,42,rdtsc,0.000027,0.000029,35628084726689.351562,0.000175,608.950793,0.000033,0.000035,29552188089847.410156,0.000116,336.068630
Transcend 32GB  ,1024,4,43,rdtsc,0.000027,0.000029,35628084726689.351562,0.000175,608.950793,0.000034,0.000035,29552188089847.410156,0.000116,336.068630
Transcend 32GB  ,1024,4,44,rdtsc,0.000027,0.000029,35628084726689.351562,0.000175,608.950793,0.000034,0.000035,29552188089847.410156,0.000116,336.068630
Transcend 32GB  ,1024,4,45,rdtsc,0.000028,0.000029,35628084726689.351562,0.000175,608.950793,0.000033,0.000035,29552188089847.410156,0.000116,336.068630
Transcend 32GB  ,1024,4,46,rdtsc,0.000029,0.000029,35628084726689.351562,0.000175,608.950793,0.000033,0.000035,29552188089847.410156,0.000116,336.068630
Transcend 32GB  ,1024,4,47,rdtsc,0.000028,0.000029,35628084726689.351562,0.000175,608.950793,0.000034,0.000035,29552188089847.410156,0.000116,336.068630
Transcend 32GB  ,1024,4,48,rdtsc,0.000027,0.000029,35628084726689.351562,0.000175,608.950793,0.000038,0.000035,29552188089847.410156,0.000116,336.068630
Transcend 32GB  ,1024,4,49,rdtsc,0.000027,0.000029,35628084726689.351562,0.000175,608.950793,0.000034,0.000035,29552188089847.410156,0.000116,336.068630
Transcend 32GB  ,1024,4,50,rdtsc,0.000032,0.000029,35628084726689.351562,0.000175,608.950793,0.000035,0.000035,29552188089847.410156,0.000116,336.068630
Transcend 32GB  ,1024,4,51,rdtsc,0.000026,0.000029,35628084726689.351562,0.000175,608.950793,0.000033,0.000035,29552188089847.410156,0.000116,336.068630
Transcend 32GB  ,1024,4,52,rdtsc,0.000027,0.000029,35628084726689.351562,0.000175,608.950793,0.000034,0.000035,29552188089847.410156,0.000116,336.068630
Transcend 32GB  ,1024,4,53,rdtsc,0.000028,0.000029,35628084726689.351562,0.000175,608.950793,0.000033,0.000035,29552188089847.410156,0.000116,336.068630
Transcend 32GB  ,1024,4,54,rdtsc,0.000028,0.000029,35628084726689.351562,0.000175,608.950793,0.000034,0.000035,29552188089847.410156,0.000116,336.068630
Transcend 32GB  ,1024,4,55,rdtsc,0.000027,0.000029,35628084726689.351562,0.000175,608.950793,0.000036,0.000035,29552188089847.410156,0.000116,336.068630
Transcend 32GB  ,1024,4,56,rdtsc,0.000028,0.000029,35628084726689.351562,0.000175,608.950793,0.000039,0.000035,29552188089847.410156,0.000116,336.068630
Transcend 32GB  ,1024,4,57,rdtsc,0.000027,0.000029,35628084726689.351562,0.000175,608.950793,0.000035,0.000035,29552188089847.410156,0.000116,336.068630
Transcend 32GB  ,1024,4,58,rdtsc,0.000027,0.000029,35628084726689.351562,0.000175,608.950793,0.000035,0.000035,29552188089847.410156,0.000116,336.068630
Transcend 32GB  ,1024,4,59,rdtsc,0.000027,0.000029,35628084726689.351562,0.000175,608.950793,0.000034,0.000035,29552188089847.410156,0.000116,336.068630
Transcend 32GB  ,1024,4,60,rdtsc,0.000027,0.000029,35628084726689.351562,0.000175,608.950793,0.000033,0.000035,29552188089847.410156,0.000116,336.068630
Transcend 32GB  ,1024,4,61,rdtsc,0.000027,0.000029,35628084726689.351562,0.000175,608.950793,0.000034,0.000035,29552188089847.410156,0.000116,336.068630
Transcend 32GB  ,1024,4,62,rdtsc,0.000027,0.000029,35628084726689.351562,0.000175,608.950793,0.000034,0.000035,29552188089847.410156,0.000116,336.068630
Transcend 32GB  ,1024,4,63,rdtsc,0.000028,0.000029,35628084726689.351562,0.000175,608.950793,0.000035,0.000035,29552188089847.410156,0.000116,336.068630
Transcend 32GB  ,1024,4,64,rdtsc,0.000029,0.000029,35628084726689.351562,0.000175,608.950793,0.000036,0.000035,29552188089847.410156,0.000116,336.068630
Transcend 32GB  ,1024,4,65,rdtsc,0.000030,0.000029,35628084726689.351562,0.000175,608.950793,0.000034,0.000035,29552188089847.410156,0.000116,336.068630
Transcend 32GB  ,1024,4,66,rdtsc,0.000027,0.000029,35628084726689.351562,0.000175,608.950793,0.000037,0.000035,29552188089847.410156,0.000116,336.068630
Transcend 32GB  ,1024,4,67,rdtsc,0.000027,0.000029,35628084726689.351562,0.000175,608.950793,0.000039,0.000035,29552188089847.410156,0.000116,336.068630
Transcend 32GB  ,1024,4,68,rdtsc,0.000027,0.000029,35628084726689.351562,0.000175,608.950793,0.000038,0.000035,29552188089847.410156,0.000116,336.068630
Transcend 32GB  ,1024,4,69,rdtsc,0.000026,0.000029,35628084726689.351562,0.000175,608.950793,0.000033,0.000035,29552188089847.410156,0.000116,336.068630
Transcend 32GB  ,1024,4,70,rdtsc,0.000026,0.000029,35628084726689.351562,0.000175,608.950793,0.000032,0.000035,29552188089847.410156,0.000116,336.068630
Transcend 32GB  ,1024,4,71,rdtsc,0.000027,0.000029,35628084726689.351562,0.000175,608.950793,0.000033,0.000035,29552188089847.410156,0.000116,336.068630
Transcend 32GB  ,1024,4,72,rdtsc,0.000027,0.000029,35628084726689.351562,0.000175,608.950793,0.000035,0.000035,29552188089847.410156,0.000116,336.068630
Transcend 32GB  ,1024,4,73,rdtsc,0.000027,0.000029,35628084726689.351562,0.000175,608.950793,0.000034,0.000035,29552188089847.410156,0.000116,336.068630
Transcend 32GB  ,1024,4,74,rdtsc,0.000027,0.000029,35628084726689.351562,0.000175,608.950793,0.000034,0.000035,29552188089847.410156,0.000116,336.068630
Transcend 32GB  ,1024,4,75,rdtsc,0.000026,0.000029,35628084726689.351562,0.000175,608.950793,0.000034,0.000035,29552188089847.410156,0.000116,336.068630
Transcend 32GB  ,1024,4,76,rdtsc,0.000027,0.000029,35628084726689.351562,0.000175,608.950793,0.000033,0.000035,29552188089847.410156,0.000116,336.068630
Transcend 32GB  ,1024,4,77,rdtsc,0.000027,0.000029,35628084726689.351562,0.000175,608.950793,0.000034,0.000035,29552188089847.410156,0.000116,336.068630
Transcend 32GB  ,1024,4,78,rdtsc,0.000027,0.000029,35628084726689.351562,0.000175,608.950793,0.000035,0.000035,29552188089847.410156,0.000116,336.068630
Transcend 32GB  ,1024,4,79,rdtsc,0.000027,0.000029,35628084726689.351562,0.000175,608.950793,0.000035,0.000035,29552188089847.410156,0.000116,336.068630
Transcend 32GB  ,1024,4,80,rdtsc,0.000026,0.000029,35628084726689.351562,0.000175,608.950793,0.000034,0.000035,29552188089847.410156,0.000116,336.068630
Transcend 32GB  ,1024,4,81,rdtsc,0.000029,0.000029,35628084726689.351562,0.000175,608.950793,0.000034,0.000035,29552188089847.410156,0.000116,336.068630
Transcend 32GB  ,1024,4,82,rdtsc,0.000027,0.000029,35628084726689.351562,0.000175,608.950793,0.000034,0.000035,29552188089847.410156,0.000116,336.068630
Transcend 32GB  ,1024,4,83,rdtsc,0.000028,0.000029,35628084726689.351562,0.000175,608.950793,0.000034,0.000035,29552188089847.410156,0.000116,336.068630
Transcend 32GB  ,1024,4,84,rdtsc,0.000028,0.000029,35628084726689.351562,0.000175,608.950793,0.000033,0.000035,29552188089847.410156,0.000116,336.068630
Transcend 32GB  ,1024,4,85,rdtsc,0.000028,0.000029,35628084726689.351562,0.000175,608.950793,0.000034,0.000035,29552188089847.410156,0.000116,336.068630
Transcend 32GB  ,1024,4,86,rdtsc,0.000027,0.000029,35628084726689.351562,0.000175,608.950793,0.000035,0.000035,29552188089847.410156,0.000116,336.068630
Transcend 32GB  ,1024,4,87,rdtsc,0.000027,0.000029,35628084726689.351562,0.000175,608.950793,0.000034,0.000035,29552188089847.410156,0.000116,336.068630
Transcend 32GB  ,1024,4,88,rdtsc,0.000027,0.000029,35628084726689.351562,0.000175,608.950793,0.000033,0.000035,29552188089847.410156,0.000116,336.068630
Transcend 32GB  ,1024,4,89,rdtsc,0.000027,0.000029,35628084726689.351562,0.000175,608.950793,0.000033,0.000035,29552188089847.410156,0.000116,336.068630
Transcend 32GB  ,1024,4,90,rdtsc,0.000027,0.000029,35628084726689.351562,0.000175,608.950793,0.000034,0.000035,29552188089847.410156,0.000116,336.068630
Transcend 32GB  ,1024,4,91,rdtsc,0.000027,0.000029,35628084726689.351562,0.000175,608.950793,0.000033,0.000035,29552188089847.410156,0.000116,336.068630
Transcend 32GB  ,1024,4,92,rdtsc,0.000028,0.000029,35628084726689.351562,0.000175,608.950793,0.000036,0.000035,29552188089847.410156,0.000116,336.068630
Transcend 32GB  ,1024,4,93,rdtsc,0.000029,0.000029,35628084726689.351562,0.000175,608.950793,0.000037,0.000035,29552188089847.410156,0.000116,336.068630
Transcend 32GB  ,1024,4,94,rdtsc,0.000030,0.000029,35628084726689.351562,0.000175,608.950793,0.000039,0.000035,29552188089847.410156,0.000116,336.068630
Transcend 32GB  ,1024,4,95,rdtsc,0.000028,0.000029,35628084726689.351562,0.000175,608.950793,0.000034,0.000035,29552188089847.410156,0.000116,336.068630
Transcend 32GB  ,1024,4,96,rdtsc,0.000029,0.000029,35628084726689.351562,0.000175,608.950793,0.000038,0.000035,29552188089847.410156,0.000116,336.068630
Transcend 32GB  ,1024,4,97,rdtsc,0.000028,0.000029,35628084726689.351562,0.000175,608.950793,0.000036,0.000035,29552188089847.410156,0.000116,336.068630
Transcend 32GB  ,1024,4,98,rdtsc,0.000031,0.000029,35628084726689.351562,0.000175,608.950793,0.000035,0.000035,29552188089847.410156,0.000116,336.068630
Transcend 32GB  ,1024,4,99,rdtsc,0.000027,0.000029,35628084726689.351562,0.000175,608.950793,0.000035,0.000035,29552188089847.410156,0.000116,336.068630
Transcend 32GB  ,1024,4,100,rdtsc,0.000027,0.000029,35628084726689.351562,0.000175,608.950793,0.000036,0.000035,29552188089847.410156,0.000116,336.068630
RAM,1024,4,1,rdtsc,0.000020,0.000014,71530132834619.625000,0.000037,261.189540,0.000017,0.000015,67354841447540.429688,0.000034,225.238969
RAM,1024,4,2,rdtsc,0.000014,0.000014,71530132834619.625000,0.000037,261.189540,0.000015,0.000015,67354841447540.429688,0.000034,225.238969
RAM,1024,4,3,rdtsc,0.000014,0.000014,71530132834619.625000,0.000037,261.189540,0.000015,0.000015,67354841447540.429688,0.000034,225.238969
RAM,1024,4,4,rdtsc,0.000014,0.000014,71530132834619.625000,0.000037,261.189540,0.000015,0.000015,67354841447540.429688,0.000034,225.238969
RAM,1024,4,5,rdtsc,0.000014,0.000014,71530132834619.625000,0.000037,261.189540,0.000015,0.000015,67354841447540.429688,0.000034,225.238969
RAM,1024,4,6,rdtsc,0.000014,0.000014,71530132834619.625000,0.000037,261.189540,0.000026,0.000015,67354841447540.429688,0.000034,225.238969
RAM,1024,4,7,rdtsc,0.000014,0.000014,71530132834619.625000,0.000037,261.189540,0.000015,0.000015,67354841447540.429688,0.000034,225.238969
RAM,1024,4,8,rdtsc,0.000014,0.000014,71530132834619.625000,0.000037,261.189540,0.000015,0.000015,67354841447540.429688,0.000034,225.238969
RAM,1024,4,9,rdtsc,0.000014,0.000014,71530132834619.625000,0.000037,261.189540,0.000015,0.000015,67354841447540.429688,0.000034,225.238969
RAM,1024,4,10,rdtsc,0.000014,0.000014,71530132834619.625000,0.000037,261.189540,0.000015,0.000015,67354841447540.429688,0.000034,225.238969
RAM,1024,4,11,rdtsc,0.000014,0.000014,71530132834619.625000,0.000037,261.189540,0.000015,0.000015,67354841447540.429688,0.000034,225.238969
RAM,1024,4,12,rdtsc,0.000014,0.000014,71530132834619.625000,0.000037,261.189540,0.000015,0.000015,67354841447540.429688,0.000034,225.238969
RAM,1024,4,13,rdtsc,0.000014,0.000014,71530132834619.625000,0.000037,261.189540,0.000015,0.000015,67354841447540.429688,0.000034,225.238969
RAM,1024,4,14,rdtsc,0.000014,0.000014,71530132834619.625000,0.000037,261.189540,0.000015,0.000015,67354841447540.429688,0.000034,225.238969
RAM,1024,4,15,rdtsc,0.000014,0.000014,71530132834619.625000,0.000037,261.189540,0.000015,0.000015,67354841447540.429688,0.000034,225.238969
RAM,1024,4,16,rdtsc,0.000014,0.000014,71530132834619.625000,0.000037,261.189540,0.000015,0.000015,67354841447540.429688,0.000034,225.238969
RAM,1024,4,17,rdtsc,0.000015,0.000014,71530132834619.625000,0.000037,261.189540,0.000015,0.000015,67354841447540.429688,0.000034,225.238969
RAM,1024,4,18,rdtsc,0.000014,0.000014,71530132834619.625000,0.000037,261.189540,0.000015,0.000015,67354841447540.429688,0.000034,225.238969
RAM,1024,4,19,rdtsc,0.000014,0.000014,71530132834619.625000,0.000037,261.189540,0.000015,0.000015,67354841447540.429688,0.000034,225.238969
RAM,1024,4,20,rdtsc,0.000014,0.000014,71530132834619.625000,0.000037,261.189540,0.000015,0.000015,67354841447540.429688,0.000034,225.238969
RAM,1024,4,21,rdtsc,0.000014,0.000014,71530132834619.625000,0.000037,261.189540,0.000015,0.000015,67354841447540.429688,0.000034,225.238969
RAM,1024,4,22,rdtsc,0.000014,0.000014,71530132834619.625000,0.000037,261.189540,0.000015,0.000015,67354841447540.429688,0.000034,225.238969
RAM,1024,4,23,rdtsc,0.000014,0.000014,71530132834619.625000,0.000037,261.189540,0.000015,0.000015,67354841447540.429688,0.000034,225.238969
RAM,1024,4,24,rdtsc,0.000014,0.000014,71530132834619.625000,0.000037,261.189540,0.000015,0.000015,67354841447540.429688,0.000034,225.238969
RAM,1024,4,25,rdtsc,0.000015,0.000014,71530132834619.625000,0.000037,261.189540,0.000015,0.000015,67354841447540.429688,0.000034,225.238969
RAM,1024,4,26,rdtsc,0.000014,0.000014,71530132834619.625000,0.000037,261.189540,0.000015,0.000015,67354841447540.429688,0.000034,225.238969
RAM,1024,4,27,rdtsc,0.000014,0.000014,71530132834619.625000,0.000037,261.189540,0.000015,0.000015,67354841447540.429688,0.000034,225.238969
RAM,1024,4,28,rdtsc,0.000014,0.000014,71530132834619.625000,0.000037,261.189540,0.000015,0.000015,67354841447540.429688,0.000034,225.238969
RAM,1024,4,29,rdtsc,0.000014,0.000014,71530132834619.625000,0.000037,261.189540,0.000015,0.000015,67354841447540.429688,0.000034,225.238969
RAM,1024,4,30,rdtsc,0.000014,0.000014,71530132834619.625000,0.000037,261.189540,0.000015,0.000015,67354841447540.429688,0.000034,225.238969
RAM,1024,4,31,rdtsc,0.000014,0.000014,71530132834619.625000,0.000037,261.189540,0.000015,0.000015,67354841447540.429688,0.000034,225.238969
RAM,1024,4,32,rdtsc,0.000014,0.000014,71530132834619.625000,0.000037,261.189540,0.000015,0.000015,67354841447540.429688,0.000034,225.238969
RAM,1024,4,33,rdtsc,0.000014,0.000014,71530132834619.625000,0.000037,261.189540,0.000015,0.000015,67354841447540.429688,0.000034,225.238969
RAM,1024,4,34,rdtsc,0.000014,0.000014,71530132834619.625000,0.000037,261.189540,0.000015,0.000015,67354841447540.429688,0.000034,225.238969
RAM,1024,4,35,rdtsc,0.000014,0.000014,71530132834619.625000,0.000037,261.189540,0.000015,0.000015,67354841447540.429688,0.000034,225.238969
RAM,1024,4,36,rdtsc,0.000014,0.000014,71530132834619.625000,0.000037,261.189540,0.000015,0.000015,67354841447540.429688,0.000034,225.238969
RAM,1024,4,37,rdtsc,0.000014,0.000014,71530132834619.625000,0.000037,261.189540,0.000015,0.000015,67354841447540.429688,0.000034,225.238969
RAM,1024,4,38,rdtsc,0.000014,0.000014,71530132834619.625000,0.000037,261.189540,0.000015,0.000015,67354841447540.429688,0.000034,225.238969
RAM,1024,4,39,rdtsc,0.000014,0.000014,71530132834619.625000,0.000037,261.189540,0.000015,0.000015,67354841447540.429688,0.000034,225.238969
RAM,1024,4,40,rdtsc,0.000014,0.000014,71530132834619.625000,0.000037,261.189540,0.000015,0.000015,67354841447540.429688,0.000034,225.238969
RAM,1024,4,41,rdtsc,0.000014,0.000014,71530132834619.625000,0.000037,261.189540,0.000015,0.000015,67354841447540.429688,0.000034,225.238969
RAM,1024,4,42,rdtsc,0.000014,0.000014,71530132834619.625000,0.000037,261.189540,0.000015,0.000015,67354841447540.429688,0.000034,225.238969
RAM,1024,4,43,rdtsc,0.000014,0.000014,71530132834619.625000,0.000037,261.189540,0.000015,0.000015,67354841447540.429688,0.000034,225.238969
RAM,1024,4,44,rdtsc,0.000014,0.000014,71530132834619.625000,0.000037,261.189540,0.000015,0.000015,67354841447540.429688,0.000034,225.238969
RAM,1024,4,45,rdtsc,0.000014,0.000014,71530132834619.625000,0.000037,261.189540,0.000015,0.000015,67354841447540.429688,0.000034,225.238969
RAM,1024,4,46,rdtsc,0.000014,0.000014,71530132834619.625000,0.000037,261.189540,0.000015,0.000015,67354841447540.429688,0.000034,225.238969
RAM,1024,4,47,rdtsc,0.000014,0.000014,71530132834619.625000,0.000037,261.189540,0.000016,0.000015,67354841447540.429688,0.000034,225.238969
RAM,1024,4,48,rdtsc,0.000014,0.000014,71530132834619.625000,0.000037,261.189540,0.000015,0.000015,67354841447540.429688,0.000034,225.238969
RAM,1024,4,49,rdtsc,0.000015,0.000014,71530132834619.625000,0.000037,261.189540,0.000015,0.000015,67354841447540.429688,0.000034,225.238969
RAM,1024,4,50,rdtsc,0.000014,0.000014,71530132834619.625000,0.000037,261.189540,0.000015,0.000015,67354841447540.429688,0.000034,225.238969
RAM,1024,4,51,rdtsc,0.000014,0.000014,71530132834619.625000,0.000037,261.189540,0.000015,0.000015,67354841447540.429688,0.000034,225.238969
RAM,1024,4,52,rdtsc,0.000014,0.000014,71530132834619.625000,0.000037,261.189540,0.000015,0.000015,67354841447540.429688,0.000034,225.238969
RAM,1024,4,53,rdtsc,0.000014,0.000014,71530132834619.625000,0.000037,261.189540,0.000015,0.000015,67354841447540.429688,0.000034,225.238969
RAM,1024,4,54,rdtsc,0.000014,0.000014,71530132834619.625000,0.000037,261.189540,0.000015,0.000015,67354841447540.429688,0.000034,225.238969
RAM,1024,4,55,rdtsc,0.000014,0.000014,71530132834619.625000,0.000037,261.189540,0.000015,0.000015,67354841447540.429688,0.000034,225.238969
RAM,1024,4,56,rdtsc,0.000014,0.000014,71530132834619.625000,0.000037,261.189540,0.000015,0.000015,67354841447540.429688,0.000034,225.238969
RAM,1024,4,57,rdtsc,0.000014,0.000014,71530132834619.625000,0.000037,261.189540,0.000015,0.000015,67354841447540.429688,0.000034,225.238969
RAM,1024,4,58,rdtsc,0.000014,0.000014,71530132834619.625000,0.000037,261.189540,0.000015,0.000015,67354841447540.429688,0.000034,225.238969
RAM,1024,4,59,rdtsc,0.000014,0.000014,71530132834619.625000,0.000037,261.189540,0.000015,0.000015,67354841447540.429688,0.000034,225.238969
RAM,1024,4,60,rdtsc,0.000014,0.000014,71530132834619.625000,0.000037,261.189540,0.000015,0.000015,67354841447540.429688,0.000034,225.238969
RAM,1024,4,61,rdtsc,0.000014,0.000014,71530132834619.625000,0.000037,261.189540,0.000015,0.000015,67354841447540.429688,0.000034,225.238969
RAM,1024,4,62,rdtsc,0.000014,0.000014,71530132834619.625000,0.000037,261.189540,0.000015,0.000015,67354841447540.429688,0.000034,225.238969
RAM,1024,4,63,rdtsc,0.000014,0.000014,71530132834619.625000,0.000037,261.189540,0.000016,0.000015,67354841447540.429688,0.000034,225.238969
RAM,1024,4,64,rdtsc,0.000014,0.000014,71530132834619.625000,0.000037,261.189540,0.000015,0.000015,67354841447540.429688,0.000034,225.238969
RAM,1024,4,65,rdtsc,0.000014,0.000014,71530132834619.625000,0.000037,261.189540,0.000015,0.000015,67354841447540.429688,0.000034,225.238969
RAM,1024,4,66,rdtsc,0.000014,0.000014,71530132834619.625000,0.000037,261.189540,0.000015,0.000015,67354841447540.429688,0.000034,225.238969
RAM,1024,4,67,rdtsc,0.000014,0.000014,71530132834619.625000,0.000037,261.189540,0.000015,0.000015,67354841447540.429688,0.000034,225.238969
RAM,1024,4,68,rdtsc,0.000014,0.000014,71530132834619.625000,0.000037,261.189540,0.000015,0.000015,67354841447540.429688,0.000034,225.238969
RAM,1024,4,69,rdtsc,0.000014,0.000014,71530132834619.625000,0.000037,261.189540,0.000015,0.000015,67354841447540.429688,0.000034,225.238969
RAM,1024,4,70,rdtsc,0.000014,0.000014,71530132834619.625000,0.000037,261.189540,0.000015,0.000015,67354841447540.429688,0.000034,225.238969
RAM,1024,4,71,rdtsc,0.000014,0.000014,71530132834619.625000,0.000037,261.189540,0.000015,0.000015,67354841447540.429688,0.000034,225.238969
RAM,1024,4,72,rdtsc,0.000014,0.000014,71530132834619.625000,0.000037,261.189540,0.000015,0.000015,67354841447540.429688,0.000034,225.238969
RAM,1024,4,73,rdtsc,0.000014,0.000014,71530132834619.625000,0.000037,261.189540,0.000015,0.000015,67354841447540.429688,0.000034,225.238969
RAM,1024,4,74,rdtsc,0.000014,0.000014,71530132834619.625000,0.000037,261.189540,0.000015,0.000015,67354841447540.429688,0.000034,225.238969
RAM,1024,4,75,rdtsc,0.000014,0.000014,71530132834619.625000,0.000037,261.189540,0.000015,0.000015,67354841447540.429688,0.000034,225.238969
RAM,1024,4,76,rdtsc,0.000014,0.000014,71530132834619.625000,0.000037,261.189540,0.000015,0.000015,67354841447540.429688,0.000034,225.238969
RAM,1024,4,77,rdtsc,0.000014,0.000014,71530132834619.625000,0.000037,261.189540,0.000015,0.000015,67354841447540.429688,0.000034,225.238969
RAM,1024,4,78,rdtsc,0.000014,0.000014,71530132834619.625000,0.000037,261.189540,0.000015,0.000015,67354841447540.429688,0.000034,225.238969
RAM,1024,4,79,rdtsc,0.000014,0.000014,71530132834619.625000,0.000037,261.189540,0.000016,0.000015,67354841447540.429688,0.000034,225.238969
RAM,1024,4,80,rdtsc,0.000014,0.000014,71530132834619.625000,0.000037,261.189540,0.000015,0.000015,67354841447540.429688,0.000034,225.238969
RAM,1024,4,81,rdtsc,0.000014,0.000014,71530132834619.625000,0.000037,261.189540,0.000015,0.000015,67354841447540.429688,0.000034,225.238969
RAM,1024,4,82,rdtsc,0.000014,0.000014,71530132834619.625000,0.000037,261.189540,0.000015,0.000015,67354841447540.429688,0.000034,225.238969
RAM,1024,4,83,rdtsc,0.000014,0.000014,71530132834619.625000,0.000037,261.189540,0.000015,0.000015,67354841447540.429688,0.000034,225.238969
RAM,1024,4,84,rdtsc,0.000014,0.000014,71530132834619.625000,0.000037,261.189540,0.000015,0.000015,67354841447540.429688,0.000034,225.238969
RAM,1024,4,85,rdtsc,0.000014,0.000014,71530132834619.625000,0.000037,261.189540,0.000015,0.000015,67354841447540.429688,0.000034,225.238969
RAM,1024,4,86,rdtsc,0.000022,0.000014,71530132834619.625000,0.000037,261.189540,0.000015,0.000015,67354841447540.429688,0.000034,225.238969
RAM,1024,4,87,rdtsc,0.000014,0.000014,71530132834619.625000,0.000037,261.189540,0.000015,0.000015,67354841447540.429688,0.000034,225.238969
RAM,1024,4,88,rdtsc,0.000014,0.000014,71530132834619.625000,0.000037,261.189540,0.000015,0.000015,67354841447540.429688,0.000034,225.238969
RAM,1024,4,89,rdtsc,0.000014,0.000014,71530132834619.625000,0.000037,261.189540,0.000015,0.000015,67354841447540.429688,0.000034,225.238969
RAM,1024,4,90,rdtsc,0.000014,0.000014,71530132834619.625000,0.000037,261.189540,0.000015,0.000015,67354841447540.429688,0.000034,225.238969
RAM,1024,4,91,rdtsc,0.000014,0.000014,71530132834619.625000,0.000037,261.189540,0.000015,0.000015,67354841447540.429688,0.000034,225.238969
RAM,1024,4,92,rdtsc,0.000014,0.000014,71530132834619.625000,0.000037,261.189540,0.000015,0.000015,67354841447540.429688,0.000034,225.238969
RAM,1024,4,93,rdtsc,0.000014,0.000014,71530132834619.625000,0.000037,261.189540,0.000015,0.000015,67354841447540.429688,0.000034,225.238969
RAM,1024,4,94,rdtsc,0.000014,0.000014,71530132834619.625000,0.000037,261.189540,0.000015,0.000015,67354841447540.429688,0.000034,225.238969
RAM,1024,4,95,rdtsc,0.000014,0.000014,71530132834619.625000,0.000037,261.189540,0.000016,0.000015,67354841447540.429688,0.000034,225.238969
RAM,1024,4,96,rdtsc,0.000014,0.000014,71530132834619.625000,0.000037,261.189540,0.000015,0.000015,67354841447540.429688,0.000034,225.238969
RAM,1024,4,97,rdtsc,0.000014,0.000014,71530132834619.625000,0.000037,261.189540,0.000015,0.000015,67354841447540.429688,0.000034,225.238969
RAM,1024,4,98,rdtsc,0.000014,0.000014,71530132834619.625000,0.000037,261.189540,0.000015,0.000015,67354841447540.429688,0.000034,225.238969
RAM,1024,4,99,rdtsc,0.000014,0.000014,71530132834619.625000,0.000037,261.189540,0.000015,0.000015,67354841447540.429688,0.000034,225.238969
RAM,1024,4,100,rdtsc,0.000014,0.000014,71530132834619.625000,0.000037,261.189540,0.000015,0.000015,67354841447540.429688,0.000034,225.238969
TOSHIBA MQ01ABF0,1024,4,1,rdtsc,0.000092,0.000058,17640651743837.312500,0.000714,1230.263187,0.000100,0.000069,14791378840369.878906,0.000862,1244.813535
TOSHIBA MQ01ABF0,1024,4,2,rdtsc,0.000082,0.000058,17640651743837.312500,0.000714,1230.263187,0.000098,0.000069,14791378840369.878906,0.000862,1244.813535
TOSHIBA MQ01ABF0,1024,4,3,rdtsc,0.000082,0.000058,17640651743837.312500,0.000714,1230.263187,0.000098,0.000069,14791378840369.878906,0.000862,1244.813535
TOSHIBA MQ01ABF0,1024,4,4,rdtsc,0.000082,0.000058,17640651743837.312500,0.000714,1230.263187,0.000098,0.000069,14791378840369.878906,0.000862,1244.813535
TOSHIBA MQ01ABF0,1024,4,5,rdtsc,0.000089,0.000058,17640651743837.312500,0.000714,1230.263187,0.000098,0.000069,14791378840369.878906,0.000862,1244.813535
TOSHIBA MQ01ABF0,1024,4,6,rdtsc,0.000082,0.000058,17640651743837.312500,0.000714,1230.263187,0.000106,0.000069,14791378840369.878906,0.000862,1244.813535
TOSHIBA MQ01ABF0,1024,4,7,rdtsc,0.000089,0.000058,17640651743837.312500,0.000714,1230.263187,0.000098,0.000069,14791378840369.878906,0.000862,1244.813535
TOSHIBA MQ01ABF0,1024,4,8,rdtsc,0.000083,0.000058,17640651743837.312500,0.000714,1230.263187,0.000099,0.000069,14791378840369.878906,0.000862,1244.813535
TOSHIBA MQ01ABF0,1024,4,9,rdtsc,0.000082,0.000058,17640651743837.312500,0.000714,1230.263187,0.000099,0.000069,14791378840369.878906,0.000862,1244.813535
TOSHIBA MQ01ABF0,1024,4,10,rdtsc,0.000082,0.000058,17640651743837.312500,0.000714,1230.263187,0.000099,0.000069,14791378840369.878906,0.000862,1244.813535
TOSHIBA MQ01ABF0,1024,4,11,rdtsc,0.000080,0.000058,17640651743837.312500,0.000714,1230.263187,0.000100,0.000069,14791378840369.878906,0.000862,1244.813535
TOSHIBA MQ01ABF0,1024,4,12,rdtsc,0.000075,0.000058,17640651743837.312500,0.000714,1230.263187,0.000089,0.000069,14791378840369.878906,0.000862,1244.813535
TOSHIBA MQ01ABF0,1024,4,13,rdtsc,0.000072,0.000058,17640651743837.312500,0.000714,1230.263187,0.000085,0.000069,14791378840369.878906,0.000862,1244.813535
TOSHIBA MQ01ABF0,1024,4,14,rdtsc,0.000069,0.000058,17640651743837.312500,0.000714,1230.263187,0.000087,0.000069,14791378840369.878906,0.000862,1244.813535
TOSHIBA MQ01ABF0,1024,4,15,rdtsc,0.000067,0.000058,17640651743837.312500,0.000714,1230.263187,0.000086,0.000069,14791378840369.878906,0.000862,1244.813535
TOSHIBA MQ01ABF0,1024,4,16,rdtsc,0.000064,0.000058,17640651743837.312500,0.000714,1230.263187,0.000087,0.000069,14791378840369.878906,0.000862,1244.813535
TOSHIBA MQ01ABF0,1024,4,17,rdtsc,0.000063,0.000058,17640651743837.312500,0.000714,1230.263187,0.000074,0.000069,14791378840369.878906,0.000862,1244.813535
TOSHIBA MQ01ABF0,1024,4,18,rdtsc,0.000060,0.000058,17640651743837.312500,0.000714,1230.263187,0.000072,0.000069,14791378840369.878906,0.000862,1244.813535
TOSHIBA MQ01ABF0,1024,4,19,rdtsc,0.000060,0.000058,17640651743837.312500,0.000714,1230.263187,0.000071,0.000069,14791378840369.878906,0.000862,1244.813535
TOSHIBA MQ01ABF0,1024,4,20,rdtsc,0.000059,0.000058,17640651743837.312500,0.000714,1230.263187,0.000069,0.000069,14791378840369.878906,0.000862,1244.813535
TOSHIBA MQ01ABF0,1024,4,21,rdtsc,0.000062,0.000058,17640651743837.312500,0.000714,1230.263187,0.000067,0.000069,14791378840369.878906,0.000862,1244.813535
TOSHIBA MQ01ABF0,1024,4,22,rdtsc,0.000055,0.000058,17640651743837.312500,0.000714,1230.263187,0.000066,0.000069,14791378840369.878906,0.000862,1244.813535
TOSHIBA MQ01ABF0,1024,4,23,rdtsc,0.000055,0.000058,17640651743837.312500,0.000714,1230.263187,0.000065,0.000069,14791378840369.878906,0.000862,1244.813535
TOSHIBA MQ01ABF0,1024,4,24,rdtsc,0.000053,0.000058,17640651743837.312500,0.000714,1230.263187,0.000063,0.000069,14791378840369.878906,0.000862,1244.813535
TOSHIBA MQ01ABF0,1024,4,25,rdtsc,0.000054,0.000058,17640651743837.312500,0.000714,1230.263187,0.000063,0.000069,14791378840369.878906,0.000862,1244.813535
TOSHIBA MQ01ABF0,1024,4,26,rdtsc,0.000053,0.000058,17640651743837.312500,0.000714,1230.263187,0.000064,0.000069,14791378840369.878906,0.000862,1244.813535
TOSHIBA MQ01ABF0,1024,4,27,rdtsc,0.000058,0.000058,17640651743837.312500,0.000714,1230.263187,0.000063,0.000069,14791378840369.878906,0.000862,1244.813535
TOSHIBA MQ01ABF0,1024,4,28,rdtsc,0.000053,0.000058,17640651743837.312500,0.000714,1230.263187,0.000068,0.000069,14791378840369.878906,0.000862,1244.813535
TOSHIBA MQ01ABF0,1024,4,29,rdtsc,0.000053,0.000058,17640651743837.312500,0.000714,1230.263187,0.000063,0.000069,14791378840369.878906,0.000862,1244.813535
TOSHIBA MQ01ABF0,1024,4,30,rdtsc,0.000053,0.000058,17640651743837.312500,0.000714,1230.263187,0.000064,0.000069,14791378840369.878906,0.000862,1244.813535
TOSHIBA MQ01ABF0,1024,4,31,rdtsc,0.000053,0.000058,17640651743837.312500,0.000714,1230.263187,0.000063,0.000069,14791378840369.878906,0.000862,1244.813535
TOSHIBA MQ01ABF0,1024,4,32,rdtsc,0.000053,0.000058,17640651743837.312500,0.000714,1230.263187,0.000063,0.000069,14791378840369.878906,0.000862,1244.813535
TOSHIBA MQ01ABF0,1024,4,33,rdtsc,0.000053,0.000058,17640651743837.312500,0.000714,1230.263187,0.000063,0.000069,14791378840369.878906,0.000862,1244.813535
TOSHIBA MQ01ABF0,1024,4,34,rdtsc,0.000054,0.000058,17640651743837.312500,0.000714,1230.263187,0.000063,0.000069,14791378840369.878906,0.000862,1244.813535
TOSHIBA MQ01ABF0,1024,4,35,rdtsc,0.000054,0.000058,17640651743837.312500,0.000714,1230.263187,0.000063,0.000069,14791378840369.878906,0.000862,1244.813535
TOSHIBA MQ01ABF0,1024,4,36,rdtsc,0.000053,0.000058,17640651743837.312500,0.000714,1230.263187,0.000064,0.000069,14791378840369.878906,0.000862,1244.813535
TOSHIBA MQ01ABF0,1024,4,37,rdtsc,0.000053,0.000058,17640651743837.312500,0.000714,1230.263187,0.000064,0.000069,14791378840369.878906,0.000862,1244.813535
TOSHIBA MQ01ABF0,1024,4,38,rdtsc,0.000054,0.000058,17640651743837.312500,0.000714,1230.263187,0.000064,0.000069,14791378840369.878906,0.000862,1244.813535
TOSHIBA MQ01ABF0,1024,4,39,rdtsc,0.000053,0.000058,17640651743837.312500,0.000714,1230.263187,0.000063,0.000069,14791378840369.878906,0.000862,1244.813535
TOSHIBA MQ01ABF0,1024,4,40,rdtsc,0.000053,0.000058,17640651743837.312500,0.000714,1230.263187,0.000064,0.000069,14791378840369.878906,0.000862,1244.813535
TOSHIBA MQ01ABF0,1024,4,41,rdtsc,0.000053,0.000058,17640651743837.312500,0.000714,1230.263187,0.000063,0.000069,14791378840369.878906,0.000862,1244.813535
TOSHIBA MQ01ABF0,1024,4,42,rdtsc,0.000054,0.000058,17640651743837.312500,0.000714,1230.263187,0.000068,0.000069,14791378840369.878906,0.000862,1244.813535
TOSHIBA MQ01ABF0,1024,4,43,rdtsc,0.000053,0.000058,17640651743837.312500,0.000714,1230.263187,0.000063,0.000069,14791378840369.878906,0.000862,1244.813535
TOSHIBA MQ01ABF0,1024,4,44,rdtsc,0.000053,0.000058,17640651743837.312500,0.000714,1230.263187,0.000063,0.000069,14791378840369.878906,0.000862,1244.813535
TOSHIBA MQ01ABF0,1024,4,45,rdtsc,0.000053,0.000058,17640651743837.312500,0.000714,1230.263187,0.000068,0.000069,14791378840369.878906,0.000862,1244.813535
TOSHIBA MQ01ABF0,1024,4,46,rdtsc,0.000053,0.000058,17640651743837.312500,0.000714,1230.263187,0.000063,0.000069,14791378840369.878906,0.000862,1244.813535
TOSHIBA MQ01ABF0,1024,4,47,rdtsc,0.000054,0.000058,17640651743837.312500,0.000714,1230.263187,0.000063,0.000069,14791378840369.878906,0.000862,1244.813535
TOSHIBA MQ01ABF0,1024,4,48,rdtsc,0.000053,0.000058,17640651743837.312500,0.000714,1230.263187,0.000068,0.000069,14791378840369.878906,0.000862,1244.813535
TOSHIBA MQ01ABF0,1024,4,49,rdtsc,0.000053,0.000058,17640651743837.312500,0.000714,1230.263187,0.000064,0.000069,14791378840369.878906,0.000862,1244.813535
TOSHIBA MQ01ABF0,1024,4,50,rdtsc,0.000054,0.000058,17640651743837.312500,0.000714,1230.263187,0.000063,0.000069,14791378840369.878906,0.000862,1244.813535
TOSHIBA MQ01ABF0,1024,4,51,rdtsc,0.000053,0.000058,17640651743837.312500,0.000714,1230.263187,0.000063,0.000069,14791378840369.878906,0.000862,1244.813535
TOSHIBA MQ01ABF0,1024,4,52,rdtsc,0.000054,0.000058,17640651743837.312500,0.000714,1230.263187,0.000063,0.000069,14791378840369.878906,0.000862,1244.813535
TOSHIBA MQ01ABF0,1024,4,53,rdtsc,0.000053,0.000058,17640651743837.312500,0.000714,1230.263187,0.000064,0.000069,14791378840369.878906,0.000862,1244.813535
TOSHIBA MQ01ABF0,1024,4,54,rdtsc,0.000053,0.000058,17640651743837.312500,0.000714,1230.263187,0.000063,0.000069,14791378840369.878906,0.000862,1244.813535
TOSHIBA MQ01ABF0,1024,4,55,rdtsc,0.000058,0.000058,17640651743837.312500,0.000714,1230.263187,0.000063,0.000069,14791378840369.878906,0.000862,1244.813535
TOSHIBA MQ01ABF0,1024,4,56,rdtsc,0.000053,0.000058,17640651743837.312500,0.000714,1230.263187,0.000063,0.000069,14791378840369.878906,0.000862,1244.813535
TOSHIBA MQ01ABF0,1024,4,57,rdtsc,0.000053,0.000058,17640651743837.312500,0.000714,1230.263187,0.000063,0.000069,14791378840369.878906,0.000862,1244.813535
TOSHIBA MQ01ABF0,1024,4,58,rdtsc,0.000053,0.000058,17640651743837.312500,0.000714,1230.263187,0.000064,0.000069,14791378840369.878906,0.000862,1244.813535
TOSHIBA MQ01ABF0,1024,4,59,rdtsc,0.000053,0.000058,17640651743837.312500,0.000714,1230.263187,0.000063,0.000069,14791378840369.878906,0.000862,1244.813535
TOSHIBA MQ01ABF0,1024,4,60,rdtsc,0.000053,0.000058,17640651743837.312500,0.000714,1230.263187,0.000067,0.000069,14791378840369.878906,0.000862,1244.813535
TOSHIBA MQ01ABF0,1024,4,61,rdtsc,0.000053,0.000058,17640651743837.312500,0.000714,1230.263187,0.000063,0.000069,14791378840369.878906,0.000862,1244.813535
TOSHIBA MQ01ABF0,1024,4,62,rdtsc,0.000053,0.000058,17640651743837.312500,0.000714,1230.263187,0.000063,0.000069,14791378840369.878906,0.000862,1244.813535
TOSHIBA MQ01ABF0,1024,4,63,rdtsc,0.000053,0.000058,17640651743837.312500,0.000714,1230.263187,0.000064,0.000069,14791378840369.878906,0.000862,1244.813535
TOSHIBA MQ01ABF0,1024,4,64,rdtsc,0.000053,0.000058,17640651743837.312500,0.000714,1230.263187,0.000063,0.000069,14791378840369.878906,0.000862,1244.813535
TOSHIBA MQ01ABF0,1024,4,65,rdtsc,0.000053,0.000058,17640651743837.312500,0.000714,1230.263187,0.000064,0.000069,14791378840369.878906,0.000862,1244.813535
TOSHIBA MQ01ABF0,1024,4,66,rdtsc,0.000053,0.000058,17640651743837.312500,0.000714,1230.263187,0.000064,0.000069,14791378840369.878906,0.000862,1244.813535
TOSHIBA MQ01ABF0,1024,4,67,rdtsc,0.000053,0.000058,17640651743837.312500,0.000714,1230.263187,0.000063,0.000069,14791378840369.878906,0.000862,1244.813535
TOSHIBA MQ01ABF0,1024,4,68,rdtsc,0.000053,0.000058,17640651743837.312500,0.000714,1230.263187,0.000063,0.000069,14791378840369.878906,0.000862,1244.813535
TOSHIBA MQ01ABF0,1024,4,69,rdtsc,0.000054,0.000058,17640651743837.312500,0.000714,1230.263187,0.000063,0.000069,14791378840369.878906,0.000862,1244.813535
TOSHIBA MQ01ABF0,1024,4,70,rdtsc,0.000053,0.000058,17640651743837.312500,0.000714,1230.263187,0.000068,0.000069,14791378840369.878906,0.000862,1244.813535
TOSHIBA MQ01ABF0,1024,4,71,rdtsc,0.000054,0.000058,17640651743837.312500,0.000714,1230.263187,0.000067,0.000069,14791378840369.878906,0.000862,1244.813535
TOSHIBA MQ01ABF0,1024,4,72,rdtsc,0.000054,0.000058,17640651743837.312500,0.000714,1230.263187,0.000063,0.000069,14791378840369.878906,0.000862,1244.813535
TOSHIBA MQ01ABF0,1024,4,73,rdtsc,0.000053,0.000058,17640651743837.312500,0.000714,1230.263187,0.000063,0.000069,14791378840369.878906,0.000862,1244.813535
TOSHIBA MQ01ABF0,1024,4,74,rdtsc,0.000053,0.000058,17640651743837.312500,0.000714,1230.263187,0.000063,0.000069,14791378840369.878906,0.000862,1244.813535
TOSHIBA MQ01ABF0,1024,4,75,rdtsc,0.000053,0.000058,17640651743837.312500,0.000714,1230.263187,0.000064,0.000069,14791378840369.878906,0.000862,1244.813535
TOSHIBA MQ01ABF0,1024,4,76,rdtsc,0.000053,0.000058,17640651743837.312500,0.000714,1230.263187,0.000064,0.000069,14791378840369.878906,0.000862,1244.813535
TOSHIBA MQ01ABF0,1024,4,77,rdtsc,0.000054,0.000058,17640651743837.312500,0.000714,1230.263187,0.000063,0.000069,14791378840369.878906,0.000862,1244.813535
TOSHIBA MQ01ABF0,1024,4,78,rdtsc,0.000053,0.000058,17640651743837.312500,0.000714,1230.263187,0.000063,0.000069,14791378840369.878906,0.000862,1244.813535
TOSHIBA MQ01ABF0,1024,4,79,rdtsc,0.000054,0.000058,17640651743837.312500,0.000714,1230.263187,0.000063,0.000069,14791378840369.878906,0.000862,1244.813535
TOSHIBA MQ01ABF0,1024,4,80,rdtsc,0.000053,0.000058,17640651743837.312500,0.000714,1230.263187,0.000064,0.000069,14791378840369.878906,0.000862,1244.813535
TOSHIBA MQ01ABF0,1024,4,81,rdtsc,0.000053,0.000058,17640651743837.312500,0.000714,1230.263187,0.000063,0.000069,14791378840369.878906,0.000862,1244.813535
TOSHIBA MQ01ABF0,1024,4,82,rdtsc,0.000053,0.000058,17640651743837.312500,0.000714,1230.263187,0.000063,0.000069,14791378840369.878906,0.000862,1244.813535
TOSHIBA MQ01ABF0,1024,4,83,rdtsc,0.000053,0.000058,17640651743837.312500,0.000714,1230.263187,0.000063,0.000069,14791378840369.878906,0.000862,1244.813535
TOSHIBA MQ01ABF0,1024,4,84,rdtsc,0.000053,0.000058,17640651743837.312500,0.000714,1230.263187,0.000063,0.000069,14791378840369.878906,0.000862,1244.813535
TOSHIBA MQ01ABF0,1024,4,85,rdtsc,0.000053,0.000058,17640651743837.312500,0.000714,1230.263187,0.000063,0.000069,14791378840369.878906,0.000862,1244.813535
TOSHIBA MQ01ABF0,1024,4,86,rdtsc,0.000053,0.000058,17640651743837.312500,0.000714,1230.263187,0.000063,0.000069,14791378840369.878906,0.000862,1244.813535
TOSHIBA MQ01ABF0,1024,4,87,rdtsc,0.000053,0.000058,17640651743837.312500,0.000714,1230.263187,0.000063,0.000069,14791378840369.878906,0.000862,1244.813535
TOSHIBA MQ01ABF0,1024,4,88,rdtsc,0.000053,0.000058,17640651743837.312500,0.000714,1230.263187,0.000063,0.000069,14791378840369.878906,0.000862,1244.813535
TOSHIBA MQ01ABF0,1024,4,89,rdtsc,0.000054,0.000058,17640651743837.312500,0.000714,1230.263187,0.000063,0.000069,14791378840369.878906,0.000862,1244.813535
TOSHIBA MQ01ABF0,1024,4,90,rdtsc,0.000053,0.000058,17640651743837.312500,0.000714,1230.263187,0.000063,0.000069,14791378840369.878906,0.000862,1244.813535
TOSHIBA MQ01ABF0,1024,4,91,rdtsc,0.000053,0.000058,17640651743837.312500,0.000714,1230.263187,0.000063,0.000069,14791378840369.878906,0.000862,1244.813535
TOSHIBA MQ01ABF0,1024,4,92,rdtsc,0.000057,0.000058,17640651743837.312500,0.000714,1230.263187,0.000063,0.000069,14791378840369.878906,0.000862,1244.813535
TOSHIBA MQ01ABF0,1024,4,93,rdtsc,0.000053,0.000058,17640651743837.312500,0.000714,1230.263187,0.000063,0.000069,14791378840369.878906,0.000862,1244.813535
TOSHIBA MQ01ABF0,1024,4,94,rdtsc,0.000053,0.000058,17640651743837.312500,0.000714,1230.263187,0.000063,0.000069,14791378840369.878906,0.000862,1244.813535
TOSHIBA MQ01ABF0,1024,4,95,rdtsc,0.000057,0.000058,17640651743837.312500,0.000714,1230.263187,0.000064,0.000069,14791378840369.878906,0.000862,1244.813535
TOSHIBA MQ01ABF0,1024,4,96,rdtsc,0.000053,0.000058,17640651743837.312500,0.000714,1230.263187,0.000064,0.000069,14791378840369.878906,0.000862,1244.813535
TOSHIBA MQ01ABF0,1024,4,97,rdtsc,0.000053,0.000058,17640651743837.312500,0.000714,1230.263187,0.000063,0.000069,14791378840369.878906,0.000862,1244.813535
TOSHIBA MQ01ABF0,1024,4,98,rdtsc,0.000057,0.000058,17640651743837.312500,0.000714,1230.263187,0.000064,0.000069,14791378840369.878906,0.000862,1244.813535
TOSHIBA MQ01ABF0,1024,4,99,rdtsc,0.000053,0.000058,17640651743837.312500,0.000714,1230.263187,0.000063,0.000069,14791378840369.878906,0.000862,1244.813535
TOSHIBA MQ01ABF0,1024,4,100,rdtsc,0.000053,0.000058,17640651743837.312500,0.000714,1230.263187,0.000063,0.000069,14791378840369.878906,0.000862,1244.813535
Transcend 32GB  ,1024,4,1,rdtsc,0.000040,0.000029,35674330137016.953125,0.000180,626.152822,0.000037,0.000035,29138507505155.894531,0.000116,328.975806
Transcend 32GB  ,1024,4,2,rdtsc,0.000031,0.000029,35674330137016.953125,0.000180,626.152822,0.000034,0.000035,29138507505155.894531,0.000116,328.975806
Transcend 32GB  ,1024,4,3,rdtsc,0.000039,0.000029,35674330137016.953125,0.000180,626.152822,0.000035,0.000035,29138507505155.894531,0.000116,328.975806
Transcend 32GB  ,1024,4,4,rdtsc,0.000030,0.000029,35674330137016.953125,0.000180,626.152822,0.000036,0.000035,29138507505155.894531,0.000116,328.975806
Transcend 32GB  ,1024,4,5,rdtsc,0.000030,0.000029,35674330137016.953125,0.000180,626.152822,0.000034,0.000035,29138507505155.894531,0.000116,328.975806
Transcend 32GB  ,1024,4,6,rdtsc,0.000030,0.000029,35674330137016.953125,0.000180,626.152822,0.000037,0.000035,29138507505155.894531,0.000116,328.975806
Transcend 32GB  ,1024,4,7,rdtsc,0.000031,0.000029,35674330137016.953125,0.000180,626.152822,0.000036,0.000035,29138507505155.894531,0.000116,328.975806
Transcend 32GB  ,1024,4,8,rdtsc,0.000031,0.000029,35674330137016.953125,0.000180,626.152822,0.000034,0.000035,29138507505155.894531,0.000116,328.975806
Transcend 32GB  ,1024,4,9,rdtsc,0.000031,0.000029,35674330137016.953125,0.000180,626.152822,0.000033,0.000035,29138507505155.894531,0.000116,328.975806
Transcend 32GB  ,1024,4,10,rdtsc,0.000030,0.000029,35674330137016.953125,0.000180,626.152822,0.000034,0.000035,29138507505155.894531,0.000116,328.975806
Transcend 32GB  ,1024,4,11,rdtsc,0.000030,0.000029,35674330137016.953125,0.000180,626.152822,0.000034,0.000035,29138507505155.894531,0.000116,328.975806
Transcend 32GB  ,1024,4,12,rdtsc,0.000029,0.000029,35674330137016.953125,0.000180,626.152822,0.000037,0.000035,29138507505155.894531,0.000116,328.975806
Transcend 32GB  ,1024,4,13,rdtsc,0.000030,0.000029,35674330137016.953125,0.000180,626.152822,0.000036,0.000035,29138507505155.894531,0.000116,328.975806
Transcend 32GB  ,1024,4,14,rdtsc,0.000030,0.000029,35674330137016.953125,0.000180,626.152822,0.000036,0.000035,29138507505155.894531,0.000116,328.975806
Transcend 32GB  ,1024,4,15,rdtsc,0.000030,0.000029,35674330137016.953125,0.000180,626.152822,0.000037,0.000035,29138507505155.894531,0.000116,328.975806
Transcend 32GB  ,1024,4,16,rdtsc,0.000031,0.000029,35674330137016.953125,0.000180,626.152822,0.000037,0.000035,29138507505155.894531,0.000116,328.975806
Transcend 32GB  ,1024,4,17,rdtsc,0.000031,0.000029,35674330137016.953125,0.000180,626.152822,0.000036,0.000035,29138507505155.894531,0.000116,328.975806
Transcend 32GB  ,1024,4,18,rdtsc,0.000030,0.000029,35674330137016.953125,0.000180,626.152822,0.000034,0.000035,29138507505155.894531,0.000116,328.975806
Transcend 32GB  ,1024,4,19,rdtsc,0.000030,0.000029,35674330137016.953125,0.000180,626.152822,0.000033,0.000035,29138507505155.894531,0.000116,328.975806
Transcend 32GB  ,1024,4,20,rdtsc,0.000031,0.000029,35674330137016.953125,0.000180,626.152822,0.000034,0.000035,29138507505155.894531,0.000116,328.975806
Transcend 32GB  ,1024,4,21,rdtsc,0.000032,0.000029,35674330137016.953125,0.000180,626.152822,0.000036,0.000035,29138507505155.894531,0.000116,328.975806
Transcend 32GB  ,1024,4,22,rdtsc,0.000031,0.000029,35674330137016.953125,0.000180,626.152822,0.000034,0.000035,29138507505155.894531,0.000116,328.975806
Transcend 32GB  ,1024,4,23,rdtsc,0.000029,0.000029,35674330137016.953125,0.000180,626.152822,0.000034,0.000035,29138507505155.894531,0.000116,328.975806
Transcend 32GB  ,1024,4,24,rdtsc,0.000029,0.000029,35674330137016.953125,0.000180,626.152822,0.000035,0.000035,29138507505155.894531,0.000116,328.975806
Transcend 32GB  ,1024,4,25,rdtsc,0.000030,0.000029,35674330137016.953125,0.000180,626.152822,0.000037,0.000035,29138507505155.894531,0.000116,328.975806
Transcend 32GB  ,1024,4,26,rdtsc,0.000030,0.000029,35674330137016.953125,0.000180,626.152822,0.000036,0.000035,29138507505155.894531,0.000116,328.975806
Transcend 32GB  ,1024,4,27,rdtsc,0.000030,0.000029,35674330137016.953125,0.000180,626.152822,0.000033,0.000035,29138507505155.894531,0.000116,328.975806
Transcend 32GB  ,1024,4,28,rdtsc,0.000031,0.000029,35674330137016.953125,0.000180,626.152822,0.000033,0.000035,29138507505155.894531,0.000116,328.975806
Transcend 32GB  ,1024,4,29,rdtsc,0.000031,0.000029,35674330137016.953125,0.000180,626.152822,0.000035,0.000035,29138507505155.894531,0.000116,328.975806
Transcend 32GB  ,1024,4,30,rdtsc,0.000031,0.000029,35674330137016.953125,0.000180,626.152822,0.000035,0.000035,29138507505155.894531,0.000116,328.975806
Transcend 32GB  ,1024,4,31,rdtsc,0.000030,0.000029,35674330137016.953125,0.000180,626.152822,0.000034,0.000035,29138507505155.894531,0.000116,328.975806
Transcend 32GB  ,1024,4,32,rdtsc,0.000032,0.000029,35674330137016.953125,0.000180,626.152822,0.000036,0.000035,29138507505155.894531,0.000116,328.975806
Transcend 32GB  ,1024,4,33,rdtsc,0.000030,0.000029,35674330137016.953125,0.000180,626.152822,0.000035,0.000035,29138507505155.894531,0.000116,328.975806
Transcend 32GB  ,1024,4,34,rdtsc,0.000031,0.000029,35674330137016.953125,0.000180,626.152822,0.000036,0.000035,29138507505155.894531,0.000116,328.975806
Transcend 32GB  ,1024,4,35,rdtsc,0.000031,0.000029,35674330137016.953125,0.000180,626.152822,0.000036,0.000035,29138507505155.894531,0.000116,328.975806
Transcend 32GB  ,1024,4,36,rdtsc,0.000030,0.000029,35674330137016.953125,0.000180,626.152822,0.000034,0.000035,29138507505155.894531,0.000116,328.975806
Transcend 32GB  ,1024,4,37,rdtsc,0.000030,0.000029,35674330137016.953125,0.000180,626.152822,0.000033,0.000035,29138507505155.894531,0.000116,328.975806
Transcend 32GB  ,1024,4,38,rdtsc,0.000030,0.000029,35674330137016.953125,0.000180,626.152822,0.000035,0.000035,29138507505155.894531,0.000116,328.975806
Transcend 32GB  ,1024,4,39,rdtsc,0.000027,0.000029,35674330137016.953125,0.000180,626.152822,0.000034,0.000035,29138507505155.894531,0.000116,328.975806
Transcend 32GB  ,1024,4,40,rdtsc,0.000027,0.000029,35674330137016.953125,0.000180,626.152822,0.000037,0.000035,29138507505155.894531,0.000116,328.975806
Transcend 32GB  ,1024,4,41,rdtsc,0.000027,0.000029,35674330137016.953125,0.000180,626.152822,0.000036,0.000035,29138507505155.894531,0.000116,328.975806
Transcend 32GB  ,1024,4,42,rdtsc,0.000028,0.000029,35674330137016.953125,0.000180,626.152822,0.000039,0.000035,29138507505155.894531,0.000116,328.975806
Transcend 32GB  ,1024,4,43,rdtsc,0.000027,0.000029,35674330137016.953125,0.000180,626.152822,0.000035,0.000035,29138507505155.894531,0.000116,328.975806
Transcend 32GB  ,1024,4,44,rdtsc,0.000028,0.000029,35674330137016.953125,0.000180,626.152822,0.000035,0.000035,29138507505155.894531,0.000116,328.975806
Transcend 32GB  ,1024,4,45,rdtsc,0.000029,0.000029,35674330137016.953125,0.000180,626.152822,0.000035,0.000035,29138507505155.894531,0.000116,328.975806
Transcend 32GB  ,1024,4,46,rdtsc,0.000029,0.000029,35674330137016.953125,0.000180,626.152822,0.000034,0.000035,29138507505155.894531,0.000116,328.975806
Transcend 32GB  ,1024,4,47,rdtsc,0.000027,0.000029,35674330137016.953125,0.000180,626.152822,0.000033,0.000035,29138507505155.894531,0.000116,328.975806
Transcend 32GB  ,1024,4,48,rdtsc,0.000027,0.000029,35674330137016.953125,0.000180,626.152822,0.000037,0.000035,29138507505155.894531,0.000116,328.975806
Transcend 32GB  ,1024,4,49,rdtsc,0.000027,0.000029,35674330137016.953125,0.000180,626.152822,0.000034,0.000035,29138507505155.894531,0.000116,328.975806
Transcend 32GB  ,1024,4,50,rdtsc,0.000027,0.000029,35674330137016.953125,0.000180,626.152822,0.000035,0.000035,29138507505155.894531,0.000116,328.975806
Transcend 32GB  ,1024,4,51,rdtsc,0.000027,0.000029,35674330137016.953125,0.000180,626.152822,0.000037,0.000035,29138507505155.894531,0.000116,328.975806
Transcend 32GB  ,1024,4,52,rdtsc,0.000027,0.000029,35674330137016.953125,0.000180,626.152822,0.000038,0.000035,29138507505155.894531,0.000116,328.975806
Transcend 32GB  ,1024,4,53,rdtsc,0.000027,0.000029,35674330137016.953125,0.000180,626.152822,0.000034,0.000035,29138507505155.894531,0.000116,328.975806
Transcend 32GB  ,1024,4,54,rdtsc,0.000027,0.000029,35674330137016.953125,0.000180,626.152822,0.000034,0.000035,29138507505155.894531,0.000116,328.975806
Transcend 32GB  ,1024,4,55,rdtsc,0.000027,0.000029,35674330137016.953125,0.000180,626.152822,0.000035,0.000035,29138507505155.894531,0.000116,328.975806
Transcend 32GB  ,1024,4,56,rdtsc,0.000027,0.000029,35674330137016.953125,0.000180,626.152822,0.000037,0.000035,29138507505155.894531,0.000116,328.975806
Transcend 32GB  ,1024,4,57,rdtsc,0.000027,0.000029,35674330137016.953125,0.000180,626.152822,0.000038,0.000035,29138507505155.894531,0.000116,328.975806
Transcend 32GB  ,1024,4,58,rdtsc,0.000027,0.000029,35674330137016.953125,0.000180,626.152822,0.000035,0.000035,29138507505155.894531,0.000116,328.975806
Transcend 32GB  ,1024,4,59,rdtsc,0.000027,0.000029,35674330137016.953125,0.000180,626.152822,0.000035,0.000035,29138507505155.894531,0.000116,328.975806
Transcend 32GB  ,1024,4,60,rdtsc,0.000029,0.000029,35674330137016.953125,0.000180,626.152822,0.000036,0.000035,29138507505155.894531,0.000116,328.975806
Transcend 32GB  ,1024,4,61,rdtsc,0.000028,0.000029,35674330137016.953125,0.000180,626.152822,0.000037,0.000035,29138507505155.894531,0.000116,328.975806
Transcend 32GB  ,1024,4,62,rdtsc,0.000027,0.000029,35674330137016.953125,0.000180,626.152822,0.000037,0.000035,29138507505155.894531,0.000116,328.975806
Transcend 32GB  ,1024,4,63,rdtsc,0.000026,0.000029,35674330137016.953125,0.000180,626.152822,0.000034,0.000035,29138507505155.894531,0.000116,328.975806
Transcend 32GB  ,1024,4,64,rdtsc,0.000028,0.000029,35674330137016.953125,0.000180,626.152822,0.000036,0.000035,29138507505155.894531,0.000116,328.975806
Transcend 32GB  ,1024,4,65,rdtsc,0.000027,0.000029,35674330137016.953125,0.000180,626.152822,0.000037,0.000035,29138507505155.894531,0.000116,328.975806
Transcend 32GB  ,1024,4,66,rdtsc,0.000027,0.000029,35674330137016.953125,0.000180,626.152822,0.000035,0.000035,29138507505155.894531,0.000116,328.975806
Transcend 32GB  ,1024,4,67,rdtsc,0.000027,0.000029,35674330137016.953125,0.000180,626.152822,0.000034,0.000035,29138507505155.894531,0.000116,328.975806
Transcend 32GB  ,1024,4,68,rdtsc,0.000026,0.000029,35674330137016.953125,0.000180,626.152822,0.000033,0.000035,29138507505155.894531,0.000116,328.975806
Transcend 32GB  ,1024,4,69,rdtsc,0.000027,0.000029,35674330137016.953125,0.000180,626.152822,0.000034,0.000035,29138507505155.894531,0.000116,328.975806
Transcend 32GB  ,1024,4,70,rdtsc,0.000027,0.000029,35674330137016.953125,0.000180,626.152822,0.000035,0.000035,29138507505155.894531,0.000116,328.975806
Transcend 32GB  ,1024,4,71,rdtsc,0.000028,0.000029,35674330137016.953125,0.000180,626.152822,0.000035,0.000035,29138507505155.894531,0.000116,328.975806
Transcend 32GB  ,1024,4,72,rdtsc,0.000027,0.000029,35674330137016.953125,0.000180,626.152822,0.000034,0.000035,29138507505155.894531,0.000116,328.975806
Transcend 32GB  ,1024,4,73,rdtsc,0.000027,0.000029,35674330137016.953125,0.000180,626.152822,0.000033,0.000035,29138507505155.894531,0.000116,328.975806
Transcend 32GB  ,1024,4,74,rdtsc,0.000027,0.000029,35674330137016.953125,0.000180,626.152822,0.000035,0.000035,29138507505155.894531,0.000116,328.975806
Transcend 32GB  ,1024,4,75,rdtsc,0.000026,0.000029,35674330137016.953125,0.000180,626.152822,0.000035,0.000035,29138507505155.894531,0.000116,328.975806
Transcend 32GB  ,1024,4,76,rdtsc,0.000031,0.000029,35674330137016.953125,0.000180,626.152822,0.000036,0.000035,29138507505155.894531,0.000116,328.975806
Transcend 32GB  ,1024,4,77,rdtsc,0.000028,0.000029,35674330137016.953125,0.000180,626.152822,0.000037,0.000035,29138507505155.894531,0.000116,328.975806
Transcend 32GB  ,1024,4,78,rdtsc,0.000029,0.000029,35674330137016.953125,0.000180,626.152822,0.000036,0.000035,29138507505155.894531,0.000116,328.975806
Transcend 32GB  ,1024,4,79,rdtsc,0.000028,0.000029,35674330137016.953125,0.000180,626.152822,0.000034,0.000035,29138507505155.894531,0.000116,328.975806
Transcend 32GB  ,1024,4,80,rdtsc,0.000027,0.000029,35674330137016.953125,0.000180,626.152822,0.000034,0.000035,29138507505155.894531,0.000116,328.975806
Transcend 32GB  ,1024,4,81,rdtsc,0.000030,0.000029,35674330137016.953125,0.000180,626.152822,0.000034,0.000035,29138507505155.894531,0.000116,328.975806
Transcend 32GB  ,1024,4,82,rdtsc,0.000027,0.000029,35674330137016.953125,0.000180,626.152822,0.000034,0.000035,29138507505155.894531,0.000116,328.975806
Transcend 32GB  ,1024,4,83,rdtsc,0.000028,0.000029,35674330137016.953125,0.000180,626.152822,0.000034,0.000035,29138507505155.894531,0.000116,328.975806
Transcend 32GB  ,1024,4,84,rdtsc,0.000027,0.000029,35674330137016.953125,0.000180,626.152822,0.000035,0.000035,29138507505155.894531,0.000116,328.975806
Transcend 32GB  ,1024,4,85,rdtsc,0.000027,0.000029,35674330137016.953125,0.000180,626.152822,0.000034,0.000035,29138507505155.894531,0.000116,328.975806
Transcend 32GB  ,1024,4,86,rdtsc,0.000031,0.000029,35674330137016.953125,0.000180,626.152822,0.000034,0.000035,29138507505155.894531,0.000116,328.975806
Transcend 32GB  ,1024,4,87,rdtsc,0.000027,0.000029,35674330137016.953125,0.000180,626.152822,0.000033,0.000035,29138507505155.894531,0.000116,328.975806
Transcend 32GB  ,1024,4,88,rdtsc,0.000027,0.000029,35674330137016.953125,0.000180,626.152822,0.000034,0.000035,29138507505155.894531,0.000116,328.975806
Transcend 32GB  ,1024,4,89,rdtsc,0.000028,0.000029,35674330137016.953125,0.000180,626.152822,0.000034,0.000035,29138507505155.894531,0.000116,328.975806
Transcend 32GB  ,1024,4,90,rdtsc,0.000026,0.000029,35674330137016.953125,0.000180,626.152822,0.000034,0.000035,29138507505155.894531,0.000116,328.975806
Transcend 32GB  ,1024,4,91,rdtsc,0.000027,0.000029,35674330137016.953125,0.000180,626.152822,0.000034,0.000035,29138507505155.894531,0.000116,328.975806
Transcend 32GB  ,1024,4,92,rdtsc,0.000027,0.000029,35674330137016.953125,0.000180,626.152822,0.000035,0.000035,29138507505155.894531,0.000116,328.975806
Transcend 32GB  ,1024,4,93,rdtsc,0.000026,0.000029,35674330137016.953125,0.000180,626.152822,0.000033,0.000035,29138507505155.894531,0.000116,328.975806
Transcend 32GB  ,1024,4,94,rdtsc,0.000027,0.000029,35674330137016.953125,0.000180,626.152822,0.000040,0.000035,29138507505155.894531,0.000116,328.975806
Transcend 32GB  ,1024,4,95,rdtsc,0.000027,0.000029,35674330137016.953125,0.000180,626.152822,0.000036,0.000035,29138507505155.894531,0.000116,328.975806
Transcend 32GB  ,1024,4,96,rdtsc,0.000027,0.000029,35674330137016.953125,0.000180,626.152822,0.000035,0.000035,29138507505155.894531,0.000116,328.975806
Transcend 32GB  ,1024,4,97,rdtsc,0.000027,0.000029,35674330137016.953125,0.000180,626.152822,0.000036,0.000035,29138507505155.894531,0.000116,328.975806
Transcend 32GB  ,1024,4,98,rdtsc,0.000028,0.000029,35674330137016.953125,0.000180,626.152822,0.000039,0.000035,29138507505155.894531,0.000116,328.975806
Transcend 32GB  ,1024,4,99,rdtsc,0.000026,0.000029,35674330137016.953125,0.000180,626.152822,0.000035,0.000035,29138507505155.894531,0.000116,328.975806
Transcend 32GB  ,1024,4,100,rdtsc,0.000027,0.000029,35674330137016.953125,0.000180,626.152822,0.000035,0.000035,29138507505155.894531,0.000116,328.975806
